User ID,Device Model,Operating System,App Usage Time (min/day),Screen On Time (hours/day),Battery Drain (mAh/day),Number of Apps Installed,Data Usage (MB/day),Age,Gender,User Behavior Class
1,0,0,0.6390845070422535,0.49090909090909096,0.5834262356001486,0.6404494382022472,0.4258872651356994,0.5365853658536586,1,4
2,1,0,0.4190140845070423,0.3363636363636364,0.38238573021181715,0.3595505617977528,0.3515657620041754,0.7073170731707319,0,3
3,3,0,0.21830985915492962,0.2727272727272727,0.1705685618729097,0.24719101123595505,0.09185803757828812,0.5853658536585367,1,2
4,0,0,0.36795774647887325,0.34545454545454546,0.5105908584169454,0.5168539325842696,0.32108559498956163,0.04878048780487804,1,3
5,4,1,0.2764084507042254,0.30000000000000004,0.3957636566332219,0.5393258426966292,0.369937369519833,0.3170731707317073,0,3
6,0,0,0.12147887323943664,0.09090909090909091,0.23708658491267187,0.28089887640449435,0.19290187891440502,0.3170731707317073,1,2
7,2,0,0.5633802816901409,0.5727272727272728,0.5574136008918618,0.6292134831460674,0.39749478079331946,0.07317073170731708,0,4
8,1,0,0.903169014084507,0.9454545454545454,0.986250464511334,0.8089887640449438,0.6680584551148226,0.3170731707317073,1,5
9,2,0,0.5457746478873239,0.6090909090909091,0.6822742474916388,0.7303370786516854,0.3970772442588727,0.5853658536585367,0,4
10,4,1,0.6936619718309859,0.509090909090909,0.6150130063173541,0.7303370786516854,0.5006263048016701,0.5853658536585367,1,4
11,0,0,0.040492957746478875,0.03636363636363635,0.04942400594574507,0.07865168539325842,0.025052192066805846,0.39024390243902446,0,1
12,1,0,0.3257042253521127,0.40909090909090906,0.5157933853586028,0.41573033707865165,0.22505219206680588,0.14634146341463422,1,3
13,1,0,0.7605633802816901,0.4727272727272728,0.7435897435897436,0.6179775280898876,0.41628392484342386,0.9512195121951221,0,4
14,3,0,0.3257042253521127,0.3545454545454546,0.505388331475288,0.37078651685393255,0.3152400835073069,0.6097560975609757,1,3
15,4,1,0.27992957746478875,0.4,0.5395763656633222,0.48314606741573035,0.2826722338204593,0.7560975609756098,0,3
16,0,0,0.8327464788732394,0.8545454545454546,0.8431809736157563,0.8314606741573034,0.8029227557411274,0.5121951219512195,0,5
17,1,0,0.17957746478873238,0.23636363636363636,0.12114455592716462,0.24719101123595505,0.10104384133611694,0.7073170731707319,0,2
18,4,1,0.4735915492957747,0.4363636363636363,0.41954663693794125,0.34831460674157305,0.36868475991649274,0.6341463414634148,0,3
19,0,0,0.0897887323943662,0.03636363636363635,0.09513192121887774,0.06741573033707865,0.08141962421711901,0.1951219512195122,0,1
20,4,1,0.9630281690140845,0.6818181818181818,0.9186176142697883,0.8876404494382022,0.872651356993737,0.26829268292682934,0,5
21,2,0,0.11091549295774648,0.14545454545454548,0.14083983649201043,0.30337078651685395,0.08350730688935284,0.6585365853658538,0,2
22,1,0,0.9612676056338028,0.9636363636363635,0.9293942772203642,0.8089887640449438,0.6058455114822547,0.6097560975609757,0,5
23,2,0,0.6919014084507042,0.5,0.6659234485321442,0.6179775280898876,0.5302713987473905,0.12195121951219517,0,4
24,0,0,0.4612676056338028,0.4181818181818181,0.40839836492010406,0.40449438202247184,0.3536534446764092,0.4634146341463415,0,3
25,1,0,0.3274647887323944,0.2727272727272727,0.5235971757710888,0.550561797752809,0.2697286012526096,0.9756097560975612,1,3
26,2,0,0.10739436619718311,0.21818181818181817,0.28651059085841696,0.3146067415730337,0.1457202505219207,0.8292682926829269,1,2
27,4,1,0.7288732394366197,0.6,0.7692307692307693,0.752808988764045,0.37578288100208773,0.26829268292682934,1,4
28,0,0,0.8485915492957746,0.8636363636363636,0.7829803047194351,0.8876404494382022,0.6250521920668058,0.3658536585365854,1,5
29,1,0,0.7429577464788732,0.5272727272727272,0.7748049052396878,0.752808988764045,0.5653444676409186,0.902439024390244,0,4
30,2,0,0.6725352112676056,0.4727272727272728,0.5934596804162021,0.7640449438202246,0.5352818371607516,0.024390243902439046,0,4
31,3,0,0.40492957746478875,0.4545454545454545,0.3935340022296544,0.38202247191011235,0.3286012526096034,0.4634146341463415,0,3
32,3,0,0.29401408450704225,0.32727272727272727,0.5046451133407656,0.550561797752809,0.3645093945720251,0.17073170731707316,1,3
33,0,0,0.4366197183098592,0.3363636363636364,0.43924191750278707,0.5056179775280898,0.3402922755741128,0.07317073170731708,1,3
34,0,0,0.028169014084507046,0.09090909090909091,0.0575994054254924,0.0449438202247191,0.0012526096033402961,0.9756097560975612,1,1
35,3,0,0.9911971830985915,0.8363636363636363,0.8164251207729468,0.797752808988764,0.6321503131524009,0.48780487804878053,0,5
36,2,0,0.0035211267605633825,0.018181818181818174,0.10330732069862507,0.10112359550561797,0.021294363256784972,0.04878048780487804,0,1
37,4,1,0.1619718309859155,0.20909090909090908,0.16833890746934227,0.2247191011235955,0.1966597077244259,0.1951219512195122,1,2
38,2,0,0.8661971830985915,0.9272727272727271,0.9312523225566703,0.9325842696629212,0.9294363256784969,0.14634146341463422,1,5
39,1,0,0.7799295774647887,0.49090909090909096,0.7469342251950948,0.7191011235955056,0.5419624217118998,0.5365853658536586,1,4
40,2,0,0.647887323943662,0.4727272727272728,0.5756224451876626,0.752808988764045,0.4501043841336117,0.12195121951219517,1,4
41,3,0,0.36971830985915494,0.3363636363636364,0.43180973615756224,0.47191011235955055,0.25302713987473907,0.9268292682926831,0,3
42,1,0,0.9612676056338028,0.8272727272727273,0.7971014492753623,0.8202247191011236,0.9273486430062631,0.3658536585365854,1,5
43,2,0,0.15845070422535212,0.1,0.1553325901151988,0.32584269662921345,0.12108559498956159,0.6097560975609757,1,2
44,2,0,0.21478873239436624,0.24545454545454545,0.25678186547751763,0.24719101123595505,0.13653444676409188,0.0,1,2
45,3,0,0.19014084507042256,0.12727272727272726,0.19881085098476403,0.12359550561797752,0.19624217118997914,0.9268292682926831,0,2
46,3,0,0.8309859154929577,0.9,0.8078781122259383,0.9662921348314606,0.7653444676409187,0.5121951219512195,1,5
47,1,0,0.9295774647887324,0.6727272727272727,0.7971014492753623,0.9775280898876404,0.622964509394572,0.09756097560975613,0,5
48,2,0,0.19014084507042256,0.23636363636363636,0.21813452248234855,0.16853932584269665,0.09227557411273488,0.21951219512195125,0,2
49,0,0,0.9683098591549295,0.6545454545454544,0.8625046451133408,0.898876404494382,0.9018789144050104,0.7560975609756098,1,5
50,1,0,0.9841549295774648,0.7,0.904496469713861,0.8089887640449438,0.791231732776618,0.7560975609756098,1,5
51,3,0,0.7429577464788732,0.5818181818181818,0.6978818283166109,0.5730337078651686,0.5490605427974948,0.878048780487805,0,4
52,3,0,0.37852112676056343,0.44545454545454544,0.34968413229282796,0.47191011235955055,0.32693110647181634,0.26829268292682934,1,3
53,2,0,0.16725352112676056,0.15454545454545457,0.1441843180973616,0.20224719101123595,0.12150313152400838,0.21951219512195125,0,2
54,3,0,0.11795774647887323,0.1090909090909091,0.2969156447417317,0.3146067415730337,0.1139874739039666,0.853658536585366,1,2
55,0,0,0.8556338028169014,0.7,0.9494611668524712,0.8202247191011236,0.8713987473903967,0.853658536585366,0,5
56,4,1,0.06690140845070423,0.054545454545454564,0.054998141954663696,0.0449438202247191,0.0037578288100208815,0.2926829268292683,1,1
57,1,0,0.05985915492957747,0.009090909090909094,0.10033444816053512,0.0,0.024634655532359086,0.5853658536585367,0,1
58,1,0,0.8961267605633803,0.6727272727272727,0.9267930137495356,0.8876404494382022,0.9657620041753655,0.1951219512195122,1,5
59,3,0,0.7007042253521126,0.5454545454545454,0.7447045707915273,0.7303370786516854,0.4350730688935282,0.09756097560975613,1,4
60,4,1,0.5193661971830985,0.5545454545454545,0.7309550353028614,0.6067415730337078,0.3970772442588727,0.9268292682926831,1,4
61,3,0,0.8661971830985915,0.9909090909090909,0.927536231884058,0.8426966292134832,0.6517745302713988,0.2439024390243903,0,5
62,3,0,0.49119718309859156,0.5909090909090909,0.73950204384987,0.752808988764045,0.4805845511482255,0.9512195121951221,0,4
63,3,0,0.08626760563380283,0.08181818181818182,0.07097733184689707,0.0449438202247191,0.01085594989561587,0.902439024390244,1,1
64,3,0,0.9066901408450704,0.9545454545454545,0.9695280564845782,0.8651685393258426,0.6743215031315241,0.07317073170731708,0,5
65,2,0,0.755281690140845,0.5454545454545454,0.6243032329988852,0.6404494382022472,0.4129436325678497,0.6097560975609757,1,4
66,4,1,0.3433098591549296,0.2727272727272727,0.4154589371980676,0.42696629213483145,0.3402922755741128,0.9268292682926831,1,3
67,4,1,0.3996478873239437,0.31818181818181823,0.5213675213675214,0.5280898876404494,0.33820459290187893,0.902439024390244,1,3
68,3,0,0.1830985915492958,0.2727272727272727,0.1750278706800446,0.28089887640449435,0.14488517745302715,0.2439024390243903,0,2
69,4,1,0.8556338028169014,0.8363636363636363,0.9773318468970643,0.9887640449438202,0.6033402922755742,0.3170731707317073,1,5
70,0,0,0.09154929577464789,0.06363636363636363,0.09513192121887774,0.06741573033707865,0.07599164926931107,0.26829268292682934,0,1
71,2,0,0.7429577464788732,0.5636363636363636,0.5596432552954292,0.6067415730337078,0.41252609603340296,0.6585365853658538,0,4
72,4,1,0.8644366197183099,0.7272727272727273,0.966183574879227,0.9775280898876404,0.6676409185803758,0.4634146341463415,1,5
73,0,0,0.7517605633802816,0.4818181818181818,0.7599405425492383,0.6292134831460674,0.40918580375782887,0.09756097560975613,1,4
74,3,0,0.0017605633802816947,0.009090909090909094,0.10516536603493125,0.011235955056179775,0.044258872651356994,0.7804878048780488,0,1
75,4,1,0.029929577464788734,0.09090909090909091,0.06465997770345598,0.0449438202247191,0.00960334029227558,0.5121951219512195,1,1
76,3,0,0.35035211267605637,0.42727272727272725,0.3727238944630249,0.37078651685393255,0.36868475991649274,0.12195121951219517,0,3
77,3,0,0.007042253521126765,0.09090909090909091,0.09513192121887774,0.0449438202247191,0.008350730688935284,0.878048780487805,0,1
78,0,0,0.2517605633802817,0.13636363636363638,0.1397250092902267,0.21348314606741575,0.08308977035490606,0.2926829268292683,0,2
79,2,0,0.08450704225352114,0.07272727272727272,0.01151988108509848,0.07865168539325842,0.015031315240083512,0.8048780487804879,0,1
80,0,0,0.35211267605633806,0.42727272727272725,0.3537718320327016,0.47191011235955055,0.3703549060542798,0.39024390243902446,0,3
81,1,0,0.9419014084507042,0.8727272727272727,0.8075065031586771,1.0,0.626722338204593,0.8048780487804879,0,5
82,4,1,0.25,0.1636363636363636,0.2723894463024898,0.1348314606741573,0.18663883089770356,0.5609756097560976,1,2
83,3,0,0.528169014084507,0.5636363636363636,0.7658862876254181,0.752808988764045,0.43048016701461383,0.07317073170731708,0,4
84,3,0,0.015845070422535218,0.07272727272727272,0.024526198439241934,0.011235955056179775,0.0012526096033402961,0.024390243902439046,1,1
85,0,0,0.33978873239436624,0.31818181818181823,0.3749535488665923,0.5168539325842696,0.24759916492693113,0.3658536585365854,0,3
86,0,0,0.6584507042253521,0.5818181818181818,0.6610925306577481,0.595505617977528,0.5219206680584552,0.6341463414634148,1,4
87,2,0,0.2130281690140845,0.12727272727272726,0.26049795615013005,0.16853932584269665,0.12108559498956159,0.5121951219512195,1,2
88,2,0,0.007042253521126765,0.04545454545454544,0.01597918989223339,0.011235955056179775,0.07265135699373695,0.6341463414634148,1,1
89,3,0,0.18838028169014087,0.20909090909090908,0.19955406911928653,0.23595505617977525,0.10271398747390398,0.39024390243902446,0,2
90,2,0,0.47711267605633806,0.4727272727272728,0.6506874767744333,0.7303370786516854,0.5014613778705637,0.6585365853658538,1,4
91,0,0,0.15140845070422537,0.1,0.22668153102935712,0.32584269662921345,0.08559498956158665,0.5365853658536586,0,2
92,0,0,0.4595070422535212,0.28181818181818175,0.4355258268301747,0.40449438202247184,0.302713987473904,0.34146341463414637,0,3
93,4,1,0.09507042253521127,0.03636363636363635,0.07395020438498699,0.06741573033707865,0.07599164926931107,0.9268292682926831,0,1
94,4,1,0.1830985915492958,0.13636363636363638,0.3058342623560015,0.15730337078651685,0.11064718162839249,0.4146341463414634,1,2
95,2,0,0.6707746478873239,0.5909090909090909,0.6937941285767373,0.696629213483146,0.40960334029227563,0.9756097560975612,1,4
96,3,0,0.5211267605633803,0.5636363636363636,0.7212931995540691,0.7078651685393258,0.5645093945720251,0.7804878048780488,1,4
97,4,1,0.9154929577464789,0.7727272727272727,0.9713861018208844,0.9101123595505618,0.769937369519833,0.04878048780487804,1,5
98,1,0,0.8556338028169014,0.9999999999999999,0.7818654775176515,0.8089887640449438,0.7791231732776619,0.2439024390243903,0,5
99,0,0,0.051056338028169015,0.018181818181818174,0.02192493496841323,0.0898876404494382,0.07974947807933194,0.17073170731707316,0,1
100,1,0,0.3433098591549296,0.40909090909090906,0.4548494983277592,0.38202247191011235,0.32275574112734867,0.7804878048780488,0,3
101,0,0,0.019366197183098594,0.009090909090909094,0.032329988851727984,0.056179775280898875,0.014196242171189984,0.853658536585366,1,1
102,1,0,0.2693661971830986,0.28181818181818175,0.337421033073207,0.39325842696629215,0.265553235908142,0.024390243902439046,1,3
103,0,0,0.2535211267605634,0.13636363636363638,0.2329988851727982,0.30337078651685395,0.19331941544885178,0.34146341463414637,0,2
104,3,0,0.42957746478873243,0.2909090909090909,0.5496098104793757,0.47191011235955055,0.3473903966597078,0.2439024390243903,1,3
105,3,0,0.23943661971830987,0.1636363636363636,0.3013749535488666,0.20224719101123595,0.10772442588726516,0.17073170731707316,1,2
106,3,0,0.06338028169014084,0.018181818181818174,0.10516536603493125,0.02247191011235955,0.0676409185803758,0.43902439024390244,1,1
107,0,0,0.21478873239436624,0.15454545454545457,0.126347082868822,0.3146067415730337,0.20626304801670148,0.902439024390244,1,2
108,0,0,0.04225352112676056,0.03636363636363635,0.03753251579338536,0.07865168539325842,0.07348643006263048,0.12195121951219517,0,1
109,3,0,0.2764084507042254,0.40909090909090906,0.5395763656633222,0.5056179775280898,0.25427974947807935,0.7804878048780488,0,3
110,1,0,0.3274647887323944,0.4545454545454545,0.4975845410628019,0.34831460674157305,0.3286012526096034,0.5121951219512195,0,3
111,1,0,0.11443661971830986,0.2545454545454545,0.15458937198067635,0.1797752808988764,0.1490605427974948,0.5609756097560976,0,2
112,3,0,0.806338028169014,0.6909090909090909,0.7971014492753623,0.8314606741573034,0.9361169102296452,0.024390243902439046,1,5
113,0,0,0.46654929577464793,0.3727272727272727,0.4388703084355259,0.39325842696629215,0.2697286012526096,0.21951219512195125,0,3
114,2,0,0.18661971830985918,0.20000000000000004,0.19175027870680045,0.25842696629213485,0.12609603340292277,0.5853658536585367,1,2
115,3,0,0.7764084507042254,0.6272727272727273,0.6889632107023411,0.7415730337078652,0.5102296450939457,0.878048780487805,0,4
116,4,1,0.1602112676056338,0.20000000000000004,0.12969156447417318,0.2696629213483146,0.20626304801670148,0.5121951219512195,1,2
117,4,1,0.07922535211267605,0.018181818181818174,0.039762170196952815,0.033707865168539325,0.07473903966597079,0.0,1,1
118,4,1,0.3345070422535211,0.38181818181818183,0.49386845039018956,0.43820224719101125,0.33695198329853865,0.21951219512195125,0,3
119,2,0,0.09154929577464789,0.054545454545454564,0.10702341137123746,0.033707865168539325,0.009185803757828813,0.2439024390243903,0,1
120,0,0,0.11795774647887323,0.15454545454545457,0.2660720921590487,0.30337078651685395,0.13611691022964512,0.5609756097560976,1,2
121,2,0,0.630281690140845,0.509090909090909,0.6625789669267931,0.6853932584269662,0.4375782881002088,0.6585365853658538,0,4
122,1,0,0.8785211267605634,0.7,0.8108509847640283,0.8876404494382022,0.8713987473903967,0.5121951219512195,0,5
123,0,0,0.9753521126760563,0.8181818181818182,0.832032701597919,1.0,0.955741127348643,0.7560975609756098,0,5
124,0,0,0.8785211267605634,0.6454545454545454,0.885916016350799,0.9662921348314606,0.7607515657620042,0.4146341463414634,1,5
125,0,0,0.346830985915493,0.3727272727272727,0.5202526941657376,0.5280898876404494,0.25553235908141964,0.07317073170731708,1,3
126,2,0,0.8890845070422535,0.9818181818181818,0.9498327759197324,1.0,0.9503131524008351,0.7804878048780488,1,5
127,4,1,0.5316901408450704,0.5818181818181818,0.6863619472315124,0.651685393258427,0.5089770354906055,0.04878048780487804,0,4
128,0,0,0.39084507042253525,0.2909090909090909,0.42251950947603123,0.39325842696629215,0.2359081419624217,0.7804878048780488,0,3
129,3,0,0.16725352112676056,0.13636363636363638,0.1397250092902267,0.2696629213483146,0.15156576200417538,0.3170731707317073,1,2
130,3,0,0.11795774647887323,0.20909090909090908,0.16685247120029728,0.32584269662921345,0.1294363256784969,0.43902439024390244,0,2
131,0,0,0.897887323943662,0.890909090909091,0.9739873652917131,0.898876404494382,0.7448851774530272,0.5365853658536586,1,5
132,3,0,0.5105633802816901,0.5636363636363636,0.6518023039762171,0.6629213483146068,0.46931106471816286,0.8292682926829269,0,4
133,0,0,0.2570422535211268,0.23636363636363636,0.3311036789297659,0.2247191011235955,0.14864300626304802,0.5365853658536586,0,2
134,2,0,0.08626760563380283,0.0,0.0040876997398736625,0.0898876404494382,0.015448851774530273,0.5853658536585367,1,1
135,3,0,0.09330985915492958,0.054545454545454564,0.0003716090672612471,0.10112359550561797,0.07640918580375783,0.8048780487804879,1,1
136,4,1,0.9242957746478873,0.9363636363636364,0.8272017837235228,0.898876404494382,0.7323590814196242,0.902439024390244,0,5
137,2,0,0.06338028169014084,0.06363636363636363,0.027127461910070608,0.06741573033707865,0.04759916492693111,0.5121951219512195,1,1
138,3,0,0.3644366197183099,0.31818181818181823,0.3961352657004831,0.3595505617977528,0.31983298538622135,0.14634146341463422,0,3
139,2,0,0.8221830985915493,0.7909090909090908,0.9565217391304347,0.943820224719101,0.8242171189979124,0.0,1,5
140,0,0,0.8556338028169014,0.9181818181818181,0.79041248606466,0.9101123595505618,0.7073068893528184,0.853658536585366,1,5
141,3,0,0.33274647887323944,0.38181818181818183,0.4489037532515794,0.3595505617977528,0.23089770354906058,0.7804878048780488,0,3
142,0,0,0.7359154929577465,0.4818181818181818,0.6473429951690821,0.6853932584269662,0.5156576200417536,0.8048780487804879,1,4
143,4,1,0.221830985915493,0.1090909090909091,0.22073578595317728,0.30337078651685395,0.13653444676409188,0.9512195121951221,0,2
144,2,0,0.06690140845070423,0.009090909090909094,0.08398364920104053,0.02247191011235955,0.041336116910229655,0.26829268292682934,1,1
145,4,1,0.8697183098591549,0.9272727272727271,0.7859531772575251,0.898876404494382,0.8212943632567851,0.26829268292682934,0,5
146,4,1,0.27816901408450706,0.3909090909090909,0.36380527684875513,0.39325842696629215,0.3640918580375783,0.4146341463414634,1,3
147,2,0,0.727112676056338,0.5818181818181818,0.7383872166480863,0.7078651685393258,0.38580375782881005,0.3658536585365854,1,4
148,3,0,0.03873239436619719,0.054545454545454564,0.030843552582683023,0.10112359550561797,0.05511482254697287,0.14634146341463422,1,1
149,1,0,0.3485915492957747,0.2909090909090909,0.5109624674842066,0.5393258426966292,0.30104384133611695,0.9268292682926831,1,3
150,0,0,0.20950704225352113,0.24545454545454545,0.2121887774061687,0.2696629213483146,0.1490605427974948,0.8048780487804879,1,2
151,4,1,0.8679577464788732,0.7636363636363637,0.8476402824228911,0.9213483146067414,0.6000000000000001,0.07317073170731708,1,5
152,2,0,0.02112676056338028,0.054545454545454564,0.004830917874396143,0.10112359550561797,0.04384133611691023,0.8292682926829269,0,1
153,0,0,0.15845070422535212,0.09090909090909091,0.16313638052768487,0.3146067415730337,0.12275574112734866,0.9268292682926831,0,2
154,1,0,0.5264084507042254,0.5909090909090909,0.7339279078409513,0.696629213483146,0.45219206680584556,0.21951219512195125,0,4
155,3,0,0.06690140845070423,0.04545454545454544,0.023039762170196973,0.0,0.0,0.3170731707317073,0,1
156,3,0,0.22535211267605637,0.21818181818181817,0.21962095875139354,0.29213483146067415,0.1632567849686848,0.34146341463414637,1,2
157,3,0,0.09859154929577464,0.06363636363636363,0.05091044221479006,0.10112359550561797,0.014196242171189984,0.878048780487805,1,1
158,3,0,0.5440140845070423,0.6181818181818182,0.6688963210702341,0.6853932584269662,0.40083507306889354,0.8048780487804879,1,4
159,2,0,0.4823943661971832,0.5,0.770345596432553,0.7752808988764044,0.5807933194154489,0.8048780487804879,1,4
160,3,0,0.1778169014084507,0.12727272727272726,0.20698625046451136,0.1797752808988764,0.08475991649269313,0.5365853658536586,1,2
161,2,0,0.05985915492957747,0.054545454545454564,0.0884429580081754,0.10112359550561797,0.06680584551148225,0.4146341463414634,0,1
162,3,0,0.040492957746478875,0.08181818181818182,0.08324043106651803,0.056179775280898875,0.004175365344467642,0.5853658536585367,1,1
163,0,0,0.7253521126760563,0.6090909090909091,0.6558900037160906,0.6629213483146068,0.5586638830897704,0.6585365853658538,1,4
164,4,1,0.0035211267605633825,0.09090909090909091,0.06205871423262728,0.0898876404494382,0.015448851774530273,0.09756097560975613,1,1
165,3,0,0.4366197183098592,0.34545454545454546,0.34782608695652173,0.42696629213483145,0.31273486430062636,0.6097560975609757,0,3
166,3,0,0.897887323943662,0.6727272727272727,1.0000000000000002,0.9887640449438202,0.6004175365344468,0.7560975609756098,0,5
167,0,0,0.994718309859155,0.9363636363636364,0.990709773318469,0.8764044943820224,0.945302713987474,0.2926829268292683,1,5
168,0,0,0.008802816901408453,0.04545454545454544,0.06131549609810481,0.0,0.02338204592901879,0.9756097560975612,1,1
169,0,0,0.3433098591549296,0.4,0.39687848383500557,0.38202247191011235,0.2876826722338205,0.902439024390244,0,3
170,0,0,0.9806338028169015,0.9818181818181818,0.7911557041991825,0.898876404494382,0.7482254697286013,0.7073170731707319,1,5
171,3,0,0.1091549295774648,0.24545454545454545,0.3054626532887402,0.19101123595505615,0.17620041753653445,0.6341463414634148,1,2
172,0,0,0.028169014084507046,0.009090909090909094,0.06874767744332962,0.07865168539325842,0.044258872651356994,0.12195121951219517,1,1
173,1,0,0.21654929577464793,0.1636363636363636,0.23522853957636564,0.16853932584269665,0.19874739039665973,0.4634146341463415,0,2
174,4,1,0.5950704225352113,0.509090909090909,0.5629877369007804,0.696629213483146,0.5444676409185805,0.21951219512195125,0,4
175,3,0,0.0369718309859155,0.054545454545454564,0.07692307692307694,0.011235955056179775,0.00459290187891441,0.26829268292682934,0,1
176,0,0,0.43838028169014087,0.38181818181818183,0.5046451133407656,0.41573033707865165,0.2200417536534447,0.7804878048780488,0,3
177,3,0,0.3961267605633803,0.4,0.5336306205871423,0.3595505617977528,0.30229645093945723,0.07317073170731708,1,3
178,2,0,0.2869718309859155,0.42727272727272725,0.4344109996283909,0.46067415730337075,0.3632567849686848,0.3170731707317073,0,3
179,3,0,0.3116197183098592,0.42727272727272725,0.47565960609438873,0.47191011235955055,0.24634655532359084,0.48780487804878053,1,3
180,4,1,0.8961267605633803,0.9909090909090909,0.9479747305834262,0.8202247191011236,0.7954070981210857,0.902439024390244,1,5
181,1,0,0.2130281690140845,0.12727272727272726,0.3054626532887402,0.3146067415730337,0.19582463465553238,0.3658536585365854,1,2
182,0,0,0.7816901408450704,0.49090909090909096,0.6714975845410628,0.651685393258427,0.40793319415448853,0.14634146341463422,1,4
183,4,1,0.9049295774647887,0.7454545454545454,0.9788182831661093,0.8202247191011236,0.9661795407098123,0.7073170731707319,0,5
184,4,1,0.07570422535211267,0.018181818181818174,0.002229654403567455,0.056179775280898875,0.0722338204592902,0.5121951219512195,0,1
185,3,0,0.9982394366197183,0.8545454545454546,0.9966555183946489,0.9101123595505618,0.6104384133611691,0.39024390243902446,0,5
186,0,0,0.823943661971831,0.8818181818181817,0.9052396878483836,0.943820224719101,0.7903966597077244,0.5853658536585367,1,5
187,4,1,0.6549295774647887,0.6181818181818182,0.6361947231512449,0.7752808988764044,0.41169102296450943,0.39024390243902446,0,4
188,1,0,0.07922535211267605,0.009090909090909094,0.02861389817911557,0.056179775280898875,0.03465553235908143,0.4634146341463415,1,1
189,4,1,0.176056338028169,0.09090909090909091,0.11148272017837237,0.12359550561797752,0.20334029227557412,0.2926829268292683,0,2
190,2,0,0.02112676056338028,0.009090909090909094,0.03716090672612411,0.011235955056179775,0.06805845511482256,0.34146341463414637,0,1
191,4,1,0.1830985915492958,0.1090909090909091,0.2285395763656633,0.14606741573033705,0.13402922755741128,0.12195121951219517,1,2
192,0,0,0.08626760563380283,0.08181818181818182,0.0650315867707172,0.033707865168539325,0.024634655532359086,0.14634146341463422,1,1
193,4,1,0.7077464788732394,0.5636363636363636,0.5648457822370866,0.595505617977528,0.4279749478079332,1.0,0,4
194,4,1,0.4084507042253521,0.28181818181818175,0.36603493125232256,0.47191011235955055,0.3736951983298539,0.43902439024390244,1,3
195,2,0,0.7799295774647887,0.49090909090909096,0.6714975845410628,0.7752808988764044,0.5002087682672234,0.12195121951219517,0,4
196,0,0,0.30281690140845074,0.3363636363636364,0.4496469713861019,0.43820224719101125,0.23256784968684763,0.6585365853658538,0,3
197,1,0,0.3257042253521127,0.3090909090909091,0.41062801932367154,0.34831460674157305,0.3711899791231733,0.7073170731707319,1,3
198,1,0,0.2130281690140845,0.24545454545454545,0.3024897807506503,0.24719101123595505,0.0910229645093946,0.5609756097560976,0,2
199,1,0,0.08802816901408451,0.054545454545454564,0.09178743961352658,0.0449438202247191,0.0396659707724426,0.024390243902439046,1,1
200,3,0,0.16901408450704225,0.1636363636363636,0.24860646599777037,0.24719101123595505,0.1373695198329854,0.4146341463414634,0,2
201,2,0,0.8186619718309859,0.7181818181818183,0.9728725380899294,0.8314606741573034,0.8977035490605428,0.3170731707317073,0,5
202,4,1,0.17077464788732394,0.24545454545454545,0.3162393162393162,0.28089887640449435,0.088517745302714,0.4634146341463415,0,2
203,3,0,0.10211267605633804,0.027272727272727282,0.009290226681531039,0.011235955056179775,0.06680584551148225,0.09756097560975613,1,1
204,0,0,0.06866197183098592,0.054545454545454564,0.059829059829059825,0.06741573033707865,0.018371607515657626,0.21951219512195125,1,1
205,1,0,0.12323943661971833,0.20909090909090908,0.24489037532515795,0.12359550561797752,0.13820459290187892,0.17073170731707316,1,2
206,3,0,0.47711267605633806,0.5,0.6622073578595318,0.6853932584269662,0.5507306889352819,0.26829268292682934,1,4
207,0,0,0.08450704225352114,0.06363636363636363,0.0568561872909699,0.056179775280898875,0.04384133611691023,0.4634146341463415,0,1
208,0,0,0.2341549295774648,0.19090909090909094,0.1181716833890747,0.12359550561797752,0.13235908141962424,0.12195121951219517,1,2
209,1,0,0.8961267605633803,0.7545454545454546,0.8561872909698997,0.9213483146067414,0.7883089770354906,0.5609756097560976,1,5
210,0,0,0.4366197183098592,0.32727272727272727,0.4024526198439242,0.41573033707865165,0.30104384133611695,0.5365853658536586,0,3
211,2,0,0.7411971830985915,0.4636363636363636,0.6711259754738016,0.7415730337078652,0.5561586638830898,0.17073170731707316,0,4
212,2,0,0.7940140845070423,0.9,0.910442214790041,0.8539325842696628,0.7995824634655533,0.0,1,5
213,2,0,0.18133802816901406,0.21818181818181817,0.15310293571163136,0.3146067415730337,0.1432150313152401,0.17073170731707316,1,2
214,3,0,0.019366197183098594,0.009090909090909094,0.10628019323671499,0.0,0.06012526096033404,0.09756097560975613,1,1
215,4,1,0.21478873239436624,0.20909090909090908,0.32441471571906355,0.21348314606741575,0.14989561586638833,0.5853658536585367,0,2
216,1,0,0.9207746478873239,0.6727272727272727,0.8387216648086213,0.8876404494382022,0.9891440501043841,0.8048780487804879,1,5
217,4,1,0.6549295774647887,0.5363636363636364,0.7357859531772576,0.7640449438202246,0.5407098121085595,0.5365853658536586,1,4
218,1,0,0.9242957746478873,0.7727272727272727,0.9487179487179488,0.9550561797752808,0.6108559498956159,0.14634146341463422,1,5
219,4,1,0.8257042253521126,0.7818181818181817,0.9554069119286511,0.797752808988764,0.7110647181628393,0.8292682926829269,0,5
220,3,0,0.125,0.20000000000000004,0.11185432924563361,0.20224719101123595,0.1315240083507307,0.6097560975609757,1,2
221,1,0,0.7095070422535211,0.5272727272727272,0.6655518394648829,0.7303370786516854,0.5002087682672234,0.34146341463414637,1,4
222,1,0,0.18133802816901406,0.09090909090909091,0.26198439241917504,0.23595505617977525,0.1315240083507307,0.34146341463414637,1,2
223,3,0,0.5651408450704225,0.4636363636363636,0.6090672612411743,0.7752808988764044,0.4960334029227558,0.07317073170731708,0,4
224,2,0,0.8838028169014084,0.8818181818181817,0.8376068376068376,0.8202247191011236,0.8542797494780794,0.853658536585366,0,5
225,1,0,0.1091549295774648,0.13636363636363638,0.1441843180973616,0.23595505617977525,0.19248434237995826,0.21951219512195125,1,2
226,3,0,0.8468309859154929,0.890909090909091,0.8955778520995913,0.9775280898876404,0.975365344467641,1.0,0,5
227,3,0,0.6232394366197183,0.5454545454545454,0.6997398736529171,0.696629213483146,0.5319415448851775,1.0,1,4
228,4,1,0.2869718309859155,0.38181818181818183,0.37755481233742105,0.43820224719101125,0.2187891440501044,0.34146341463414637,0,3
229,2,0,0.17957746478873238,0.2545454545454545,0.1289483463396507,0.16853932584269665,0.11106471816283928,0.5609756097560976,1,2
230,2,0,0.5809859154929577,0.5727272727272728,0.6109253065774805,0.7752808988764044,0.4434237995824635,0.7804878048780488,1,4
231,4,1,0.22711267605633806,0.11818181818181817,0.2902266815310294,0.24719101123595505,0.177035490605428,0.48780487804878053,1,2
232,4,1,0.8186619718309859,0.7181818181818183,0.9487179487179488,0.9101123595505618,0.8551148225469729,0.3170731707317073,1,5
233,3,0,0.8926056338028169,0.8181818181818182,0.8985507246376813,0.8202247191011236,0.6935281837160752,0.4146341463414634,1,5
234,1,0,0.1742957746478873,0.21818181818181817,0.28130806391675955,0.19101123595505615,0.19958246346555325,0.43902439024390244,0,2
235,4,1,0.17957746478873238,0.2545454545454545,0.12411742846525457,0.20224719101123595,0.17828810020876829,0.853658536585366,1,2
236,3,0,0.012323943661971828,0.03636363636363635,0.024897807506503153,0.0898876404494382,0.08058455114822546,0.024390243902439046,0,1
237,2,0,0.8697183098591549,0.7181818181818183,0.835005574136009,0.8764044943820224,0.679749478079332,0.04878048780487804,0,5
238,1,0,0.6954225352112676,0.5363636363636364,0.6837606837606838,0.6292134831460674,0.4292275574112735,0.024390243902439046,0,4
239,1,0,0.05985915492957747,0.06363636363636363,0.10516536603493125,0.033707865168539325,0.0020876826722338246,0.853658536585366,1,1
240,4,1,0.9559859154929577,0.890909090909091,0.8952062430323301,0.9662921348314606,0.8417536534446765,0.3658536585365854,0,5
241,0,0,0.02640845070422536,0.06363636363636363,0.0,0.06741573033707865,0.037160751565762005,0.9512195121951221,0,1
242,3,0,0.9401408450704225,0.9727272727272726,0.9149015235971757,0.797752808988764,0.848016701461378,0.4634146341463415,0,5
243,1,0,0.23239436619718312,0.22727272727272727,0.1705685618729097,0.29213483146067415,0.09853862212943634,0.8048780487804879,1,2
244,2,0,0.7411971830985915,0.5,0.7714604236343366,0.6629213483146068,0.5173277661795408,0.6341463414634148,1,4
245,1,0,0.0,0.027272727272727282,0.0657748049052397,0.06741573033707865,0.06304801670146137,0.4146341463414634,1,1
246,2,0,0.30281690140845074,0.36363636363636365,0.46079524340393907,0.39325842696629215,0.309812108559499,0.26829268292682934,1,3
247,0,0,0.0721830985915493,0.04545454545454544,0.10702341137123746,0.07865168539325842,0.06471816283924844,0.3658536585365854,1,1
248,0,0,0.5,0.4727272727272728,0.707172054998142,0.595505617977528,0.40250521920668064,0.024390243902439046,1,4
249,3,0,0.24295774647887325,0.2727272727272727,0.20958751393534003,0.1348314606741573,0.2,0.7804878048780488,0,2
250,0,0,0.07922535211267605,0.08181818181818182,0.0873281308063917,0.033707865168539325,0.053444676409185814,0.9756097560975612,0,1
251,1,0,0.02112676056338028,0.03636363636363635,0.008175399479747311,0.033707865168539325,0.07098121085594991,0.26829268292682934,0,1
252,1,0,0.7235915492957746,0.6272727272727273,0.7543664065403196,0.7640449438202246,0.5741127348643007,0.12195121951219517,0,4
253,0,0,0.8679577464788732,0.8636363636363636,0.8019323671497585,1.0,0.7035490605427975,0.09756097560975613,1,5
254,3,0,0.12323943661971833,0.12727272727272726,0.25269416573764397,0.23595505617977525,0.15699373695198332,0.7317073170731709,0,2
255,1,0,0.03873239436619719,0.018181818181818174,0.03567447045707915,0.0449438202247191,0.029227557411273496,0.14634146341463422,0,1
256,1,0,0.6461267605633803,0.5454545454545454,0.7617985878855444,0.752808988764045,0.4171189979123174,0.6829268292682928,0,4
257,3,0,0.6936619718309859,0.6090909090909091,0.5800817539947974,0.6179775280898876,0.42338204592901885,0.8292682926829269,1,4
258,3,0,0.42605633802816906,0.36363636363636365,0.5027870680044593,0.39325842696629215,0.24384133611691028,0.024390243902439046,0,3
259,3,0,0.30105633802816906,0.2727272727272727,0.5533259011519881,0.44943820224719105,0.33903966597077245,0.0,1,3
260,3,0,0.9507042253521127,0.7272727272727273,0.8587885544407283,0.9887640449438202,1.0,0.7560975609756098,0,5
261,3,0,0.05985915492957747,0.027272727272727282,0.06986250464511336,0.0449438202247191,0.02045929018789145,0.6097560975609757,0,1
262,4,1,0.5352112676056338,0.509090909090909,0.7774061687105166,0.651685393258427,0.4697286012526096,0.6829268292682928,0,4
263,4,1,0.8591549295774648,0.7818181818181817,0.9855072463768116,0.9325842696629212,0.8446764091858038,0.39024390243902446,0,5
264,2,0,0.07042253521126761,0.06363636363636363,0.021181716833890765,0.0,0.002922755741127353,0.9512195121951221,1,1
265,4,1,0.5352112676056338,0.5272727272727272,0.6309921962095876,0.752808988764045,0.40793319415448853,0.5365853658536586,0,4
266,3,0,0.9383802816901409,0.6727272727272727,0.9464882943143812,0.8426966292134832,0.5870563674321504,0.17073170731707316,1,5
267,4,1,0.26584507042253525,0.28181818181818175,0.48532144184318093,0.37078651685393255,0.2713987473903967,0.09756097560975613,0,3
268,1,0,0.9753521126760563,0.7636363636363637,0.9156447417316983,0.8314606741573034,0.8555323590814197,0.34146341463414637,1,5
269,2,0,0.31338028169014087,0.3363636363636364,0.4979561501300632,0.39325842696629215,0.31691022964509397,0.902439024390244,1,3
270,2,0,0.6179577464788732,0.509090909090909,0.6904496469713861,0.6629213483146068,0.562839248434238,0.04878048780487804,1,4
271,3,0,0.6971830985915493,0.5,0.6194723151244891,0.7640449438202246,0.4860125260960334,0.853658536585366,0,4
272,1,0,0.4471830985915493,0.2909090909090909,0.3931623931623932,0.5168539325842696,0.3281837160751566,0.8048780487804879,1,3
273,0,0,0.13204225352112675,0.1090909090909091,0.2601263470828688,0.21348314606741575,0.14655532359081422,0.3170731707317073,0,2
274,0,0,0.26232394366197187,0.11818181818181817,0.2645856558900037,0.24719101123595505,0.20292275574112736,0.48780487804878053,1,2
275,4,1,0.1619718309859155,0.14545454545454548,0.12523225566703827,0.30337078651685395,0.1945720250521921,0.4146341463414634,1,2
276,1,0,0.829225352112676,0.9909090909090909,0.8918617614269789,0.8764044943820224,0.6830897703549061,0.7560975609756098,1,5
277,3,0,0.420774647887324,0.44545454545454544,0.5068747677443329,0.3595505617977528,0.2200417536534447,0.34146341463414637,0,3
278,0,0,0.35211267605633806,0.3090909090909091,0.48494983277591974,0.47191011235955055,0.32400835073068895,0.878048780487805,1,3
279,3,0,0.09683098591549295,0.054545454545454564,0.042735042735042736,0.02247191011235955,0.008350730688935284,0.7073170731707319,1,1
280,2,0,0.6707746478873239,0.6181818181818182,0.6417688591601636,0.7303370786516854,0.4317327766179541,0.3658536585365854,0,4
281,2,0,0.07570422535211267,0.06363636363636363,0.03753251579338536,0.02247191011235955,0.025469728601252607,0.8048780487804879,1,1
282,3,0,0.015845070422535218,0.06363636363636363,0.08472686733556299,0.011235955056179775,0.06931106471816284,0.1951219512195122,0,1
283,4,1,0.6267605633802816,0.6090909090909091,0.673355629877369,0.696629213483146,0.46221294363256793,0.8048780487804879,1,4
284,0,0,0.03345070422535211,0.027272727272727282,0.0891861761426979,0.06741573033707865,0.0279749478079332,0.878048780487805,0,1
285,0,0,0.6707746478873239,0.5363636363636364,0.5641025641025641,0.6741573033707864,0.3849686847599165,0.6097560975609757,1,4
286,1,0,0.8873239436619718,0.890909090909091,0.9301374953548868,0.898876404494382,0.5995824634655533,0.4634146341463415,1,5
287,2,0,0.5,0.5818181818181818,0.6815310293571163,0.6067415730337078,0.5319415448851775,0.7073170731707319,0,4
288,3,0,0.31866197183098594,0.2727272727272727,0.45224823485693055,0.49438202247191004,0.29603340292275576,0.26829268292682934,0,3
289,1,0,0.1602112676056338,0.24545454545454545,0.11780007432181346,0.29213483146067415,0.1549060542797495,0.7073170731707319,1,2
290,0,0,0.09507042253521127,0.018181818181818174,0.04199182460052027,0.0,0.018371607515657626,0.7804878048780488,1,1
291,1,0,0.7359154929577465,0.6,0.7049424005945745,0.6292134831460674,0.3945720250521921,0.2439024390243903,1,4
292,0,0,0.04401408450704225,0.054545454545454564,0.021553325901151985,0.10112359550561797,0.019624217118997915,0.2926829268292683,1,1
293,0,0,0.051056338028169015,0.07272727272727272,0.07246376811594203,0.0,0.044258872651356994,0.43902439024390244,0,1
294,3,0,0.3450704225352113,0.31818181818181823,0.5496098104793757,0.39325842696629215,0.22839248434237996,0.21951219512195125,0,3
295,2,0,0.9683098591549295,0.6818181818181818,0.8762541806020067,0.8651685393258426,0.7068893528183716,0.8292682926829269,1,5
296,1,0,0.061619718309859156,0.07272727272727272,0.06651802303976219,0.0898876404494382,0.011691022964509398,0.5609756097560976,1,1
297,1,0,0.7535211267605634,0.509090909090909,0.7105165366034931,0.6404494382022472,0.4430062630480167,0.3170731707317073,0,4
298,4,1,0.24647887323943662,0.15454545454545457,0.1869193608324043,0.1797752808988764,0.10104384133611694,0.853658536585366,0,2
299,4,1,0.4119718309859155,0.38181818181818183,0.4975845410628019,0.38202247191011235,0.28225469728601255,0.6341463414634148,1,3
300,3,0,0.1619718309859155,0.20909090909090908,0.16573764399851354,0.28089887640449435,0.16576200417536535,1.0,0,2
301,3,0,0.6866197183098591,0.5,0.6729840208101078,0.6179775280898876,0.5060542797494781,0.4146341463414634,1,4
302,4,1,0.41725352112676056,0.3090909090909091,0.4470457079152731,0.550561797752809,0.36283924843423804,0.48780487804878053,0,3
303,4,1,0.772887323943662,0.4545454545454545,0.7387588257153475,0.6404494382022472,0.4108559498956159,0.39024390243902446,0,4
304,4,1,0.8996478873239436,0.9454545454545454,0.7956150130063173,0.8876404494382022,0.7603340292275574,0.39024390243902446,0,5
305,4,1,0.2200704225352113,0.1727272727272727,0.30286138981791155,0.1348314606741573,0.09185803757828812,0.024390243902439046,0,2
306,1,0,0.13380281690140844,0.1636363636363636,0.1426978818283166,0.24719101123595505,0.20542797494780796,0.21951219512195125,1,2
307,1,0,0.375,0.36363636363636365,0.3455964325529543,0.41573033707865165,0.3235908141962422,0.6097560975609757,1,3
308,1,0,0.6690140845070423,0.5909090909090909,0.696395392047566,0.651685393258427,0.463883089770355,0.6585365853658538,0,4
309,4,1,0.44894366197183105,0.3727272727272727,0.3433667781493868,0.5280898876404494,0.23549060542797495,0.04878048780487804,0,3
310,1,0,0.6461267605633803,0.5272727272727272,0.6410256410256411,0.6292134831460674,0.4446764091858038,0.5365853658536586,1,4
311,2,0,0.35211267605633806,0.2909090909090909,0.4477889260497956,0.46067415730337075,0.31983298538622135,0.17073170731707316,0,3
312,4,1,0.5475352112676056,0.5636363636363636,0.7785209959123003,0.651685393258427,0.3979123173277662,0.34146341463414637,0,4
313,0,0,0.17957746478873238,0.1727272727272727,0.2794500185804534,0.24719101123595505,0.19248434237995826,0.04878048780487804,1,2
314,3,0,0.176056338028169,0.1818181818181818,0.19249349684132294,0.12359550561797752,0.08601252609603341,0.7560975609756098,0,2
315,4,1,0.44190140845070425,0.3545454545454546,0.4697138610182089,0.550561797752809,0.22129436325678498,0.26829268292682934,1,3
316,1,0,0.07746478873239436,0.09090909090909091,0.0066889632107023506,0.011235955056179775,0.0004175365344467677,0.902439024390244,0,1
317,1,0,0.4735915492957747,0.30000000000000004,0.5332590115198811,0.37078651685393255,0.3553235908141963,0.5853658536585367,0,3
318,0,0,0.15140845070422537,0.1090909090909091,0.19509476031215162,0.21348314606741575,0.1386221294363257,0.2439024390243903,0,2
319,1,0,0.6654929577464789,0.509090909090909,0.6406540319583798,0.595505617977528,0.40668058455114825,0.7073170731707319,0,4
320,0,0,0.8415492957746479,0.9363636363636364,0.8502415458937198,0.797752808988764,0.9933194154488519,0.8048780487804879,1,5
321,4,1,0.346830985915493,0.3090909090909091,0.36157562244518765,0.5168539325842696,0.368267223382046,0.09756097560975613,0,3
322,0,0,0.42957746478873243,0.4545454545454545,0.44109996283909325,0.5168539325842696,0.23549060542797495,0.9512195121951221,0,3
323,0,0,0.5580985915492958,0.4818181818181818,0.6313638052768488,0.5730337078651686,0.5653444676409186,0.07317073170731708,0,4
324,3,0,0.08098591549295776,0.027272727272727282,0.06986250464511336,0.0449438202247191,0.022546972860125268,0.3170731707317073,0,1
325,4,1,0.7306338028169014,0.5909090909090909,0.6335934596804162,0.7640449438202246,0.4229645093945721,0.12195121951219517,1,4
326,1,0,0.30457746478873243,0.30000000000000004,0.4652545522110739,0.49438202247191004,0.2237995824634656,0.17073170731707316,0,3
327,2,0,0.2975352112676057,0.4545454545454545,0.5221107395020439,0.5280898876404494,0.32526096033402924,0.902439024390244,1,3
328,1,0,0.03169014084507042,0.09090909090909091,0.10107766629505761,0.0898876404494382,0.010438413361169109,0.14634146341463422,0,1
329,1,0,0.10211267605633804,0.054545454545454564,0.04384986993682648,0.02247191011235955,0.07181628392484343,0.3170731707317073,0,1
330,4,1,0.8996478873239436,0.6636363636363637,0.9524340393905611,0.8876404494382022,0.7173277661795407,0.5853658536585367,0,5
331,0,0,0.3573943661971831,0.32727272727272727,0.4578223708658491,0.43820224719101125,0.2897703549060543,0.07317073170731708,0,3
332,4,1,0.2570422535211268,0.2545454545454545,0.15793385358602752,0.29213483146067415,0.10855949895615868,0.7073170731707319,0,2
333,1,0,0.2834507042253521,0.4545454545454545,0.5425492382014121,0.39325842696629215,0.33486430062630484,0.878048780487805,1,3
334,0,0,0.7588028169014084,0.5909090909090909,0.6313638052768488,0.6629213483146068,0.5102296450939457,0.39024390243902446,0,4
335,2,0,0.012323943661971828,0.04545454545454544,0.027127461910070608,0.0898876404494382,0.06012526096033404,0.6829268292682928,0,1
336,1,0,0.8820422535211268,0.8,0.9672984020810108,1.0,0.6388308977035491,0.6585365853658538,0,5
337,2,0,0.7799295774647887,0.6272727272727273,0.73950204384987,0.5842696629213482,0.5720250521920669,0.6341463414634148,1,4
338,2,0,0.0,0.027272727272727282,0.09624674842066148,0.056179775280898875,0.06263048016701461,0.39024390243902446,1,1
339,4,1,0.48591549295774655,0.4636363636363636,0.7302118171683389,0.6741573033707864,0.5624217118997913,0.6829268292682928,1,4
340,4,1,0.05985915492957747,0.018181818181818174,0.10702341137123746,0.033707865168539325,0.022129436325678507,0.2926829268292683,1,1
341,4,1,0.07922535211267605,0.0,0.04942400594574507,0.033707865168539325,0.05052192066805846,0.6097560975609757,1,1
342,4,1,0.9982394366197183,0.8454545454545456,0.8978075065031587,0.898876404494382,0.7352818371607516,0.1951219512195122,0,5
343,4,1,0.8785211267605634,0.8636363636363636,0.9918246005202528,0.8651685393258426,0.6601252609603341,0.9268292682926831,1,5
344,4,1,0.45774647887323944,0.4545454545454545,0.4574507617985879,0.49438202247191004,0.22672233820459292,0.9512195121951221,0,3
345,4,1,0.397887323943662,0.4363636363636363,0.3742103307320699,0.47191011235955055,0.30814196242171193,0.6097560975609757,1,3
346,4,1,0.48943661971830993,0.6090909090909091,0.6213303604607953,0.7078651685393258,0.5549060542797495,0.4634146341463415,0,4
347,1,0,0.221830985915493,0.20909090909090908,0.26681531029357114,0.3146067415730337,0.14405010438413363,0.9512195121951221,0,2
348,2,0,0.05633802816901409,0.03636363636363635,0.0891861761426979,0.0898876404494382,0.06847599164926932,0.6829268292682928,1,1
349,0,0,0.221830985915493,0.2545454545454545,0.20958751393534003,0.2696629213483146,0.17035490605427978,0.1951219512195122,1,2
350,2,0,0.48063380281690143,0.5818181818181818,0.7476774433296173,0.6292134831460674,0.5365344467640919,0.39024390243902446,1,4
351,2,0,0.7623239436619718,0.5363636363636364,0.6722408026755853,0.7078651685393258,0.5682672233820459,0.878048780487805,1,4
352,0,0,0.0528169014084507,0.04545454545454544,0.1081382385730212,0.0449438202247191,0.07473903966597079,0.4146341463414634,0,1
353,0,0,0.3433098591549296,0.32727272727272727,0.3448532144184318,0.47191011235955055,0.35574112734864305,0.04878048780487804,0,3
354,2,0,0.6144366197183099,0.5909090909090909,0.5652173913043478,0.651685393258427,0.4062630480167015,0.853658536585366,0,4
355,1,0,0.040492957746478875,0.03636363636363635,0.0568561872909699,0.0449438202247191,0.001670146137787057,0.878048780487805,0,1
356,2,0,0.0,0.08181818181818182,0.10107766629505761,0.10112359550561797,0.07724425887265138,0.6585365853658538,1,1
357,4,1,0.4595070422535212,0.28181818181818175,0.380527684875511,0.46067415730337075,0.3352818371607516,0.902439024390244,0,3
358,4,1,0.806338028169014,0.7727272727272727,0.94314381270903,0.9213483146067414,0.7866388308977036,0.7317073170731709,0,5
359,0,0,0.07746478873239436,0.09090909090909091,0.02378298030471944,0.033707865168539325,0.06304801670146137,0.6341463414634148,0,1
360,2,0,0.35211267605633806,0.32727272727272727,0.3801560758082497,0.5056179775280898,0.31022964509394574,0.878048780487805,0,3
361,2,0,0.8573943661971831,0.9818181818181818,0.7926421404682275,0.8539325842696628,0.8793319415448853,0.1951219512195122,1,5
362,1,0,0.9278169014084506,0.8545454545454546,0.9654403567447046,0.9775280898876404,0.6292275574112736,0.09756097560975613,1,5
363,3,0,0.08450704225352114,0.04545454545454544,0.0144927536231884,0.011235955056179775,0.06555323590814197,0.48780487804878053,0,1
364,4,1,0.5123239436619718,0.6272727272727273,0.6900780379041249,0.6067415730337078,0.5832985386221294,0.6585365853658538,1,4
365,3,0,0.9665492957746478,0.6909090909090909,0.8312894834633965,0.8314606741573034,0.7653444676409187,0.39024390243902446,1,5
366,1,0,0.6197183098591549,0.5636363636363636,0.6179858788554441,0.6404494382022472,0.5173277661795408,0.09756097560975613,1,4
367,3,0,0.8556338028169014,0.9636363636363635,0.8034188034188035,0.8089887640449438,0.6951983298538622,0.26829268292682934,0,5
368,1,0,1.0,0.9272727272727271,0.9565217391304347,0.8426966292134832,0.9916492693110647,0.9756097560975612,0,5
369,1,0,0.1267605633802817,0.26363636363636367,0.1653660349312523,0.29213483146067415,0.12776617954070982,0.7560975609756098,0,2
370,4,1,0.23767605633802819,0.12727272727272726,0.19100706057227795,0.28089887640449435,0.16743215031315242,0.39024390243902446,1,2
371,4,1,0.9295774647887324,0.8,0.9152731326644371,0.8202247191011236,0.6037578288100209,0.17073170731707316,0,5
372,0,0,0.9348591549295775,0.8727272727272727,0.8342623560014865,0.8539325842696628,0.718580375782881,0.09756097560975613,1,5
373,2,0,0.8468309859154929,0.9,0.8219992567818655,0.9101123595505618,0.9323590814196243,1.0,0,5
374,0,0,0.9330985915492958,0.9363636363636364,0.9829059829059829,0.9550561797752808,0.6517745302713988,0.17073170731707316,0,5
375,1,0,0.06866197183098592,0.027272727272727282,0.04905239687848385,0.02247191011235955,0.025887265135699382,0.5853658536585367,1,1
376,1,0,0.02464788732394367,0.009090909090909094,0.08509847640282424,0.07865168539325842,0.054279749478079335,0.1951219512195122,1,1
377,4,1,0.061619718309859156,0.06363636363636363,0.06986250464511336,0.07865168539325842,0.008350730688935284,0.8048780487804879,0,1
378,0,0,0.7535211267605634,0.4545454545454545,0.5845410628019324,0.595505617977528,0.4050104384133612,0.3170731707317073,0,4
379,2,0,0.8714788732394366,0.890909090909091,0.7963582311408398,1.0,0.6350730688935282,0.9512195121951221,1,5
380,1,0,0.13380281690140844,0.1818181818181818,0.23039762170196953,0.1348314606741573,0.08810020876826724,0.8048780487804879,1,2
381,4,1,0.27816901408450706,0.32727272727272727,0.5444072835377183,0.41573033707865165,0.23006263048016706,0.39024390243902446,1,3
382,4,1,0.8151408450704225,0.8545454545454546,0.7993311036789298,1.0,0.7144050104384134,0.5121951219512195,1,5
383,1,0,0.09507042253521127,0.04545454545454544,0.02638424377554814,0.10112359550561797,0.08225469728601253,0.4634146341463415,0,1
384,1,0,0.13028169014084506,0.1727272727272727,0.13043478260869568,0.28089887640449435,0.09185803757828812,0.2926829268292683,1,2
385,2,0,0.1267605633802817,0.1818181818181818,0.2185061315496098,0.3146067415730337,0.1862212943632568,0.2439024390243903,1,2
386,4,1,0.5616197183098591,0.509090909090909,0.6462281679672984,0.7640449438202246,0.4150313152400835,0.5365853658536586,0,4
387,1,0,0.11971830985915492,0.09090909090909091,0.23151244890375328,0.24719101123595505,0.14822546972860126,0.2439024390243903,1,2
388,2,0,0.07394366197183098,0.027272727272727282,0.05908584169453736,0.033707865168539325,0.04050104384133612,0.34146341463414637,1,1
389,3,0,0.9383802816901409,0.9636363636363635,0.990709773318469,0.9213483146067414,0.8722338204592902,0.39024390243902446,0,5
390,3,0,0.15669014084507044,0.1636363636363636,0.1757710888145671,0.23595505617977525,0.08810020876826724,0.7804878048780488,0,2
391,1,0,0.49471830985915494,0.6272727272727273,0.7168338907469343,0.6629213483146068,0.38371607515657624,0.43902439024390244,1,4
392,1,0,0.5404929577464789,0.4636363636363636,0.5942028985507246,0.7415730337078652,0.5248434237995825,0.9756097560975612,1,4
393,2,0,0.24295774647887325,0.22727272727272727,0.2798216276477146,0.21348314606741575,0.08810020876826724,0.878048780487805,1,2
394,4,1,0.5299295774647887,0.5818181818181818,0.6789297658862876,0.6292134831460674,0.5665970772442589,0.853658536585366,1,4
395,0,0,0.9841549295774648,0.7454545454545454,0.8773690078037905,0.8314606741573034,0.6981210855949896,0.6585365853658538,0,5
396,3,0,0.778169014084507,0.5272727272727272,0.738015607580825,0.5730337078651686,0.5235908141962422,0.8292682926829269,1,4
397,3,0,0.08450704225352114,0.009090909090909094,0.05016722408026757,0.0449438202247191,0.01711899791231733,0.21951219512195125,0,1
398,4,1,0.8573943661971831,0.9636363636363635,0.927536231884058,0.898876404494382,0.865553235908142,0.04878048780487804,1,5
399,1,0,0.019366197183098594,0.054545454545454564,0.007803790412486064,0.0898876404494382,0.04968684759916494,0.6097560975609757,0,1
400,1,0,0.03345070422535211,0.04545454545454544,0.09996283909327387,0.0,0.042171189979123176,0.26829268292682934,1,1
401,3,0,0.8661971830985915,0.9181818181818181,0.9360832404310665,0.8539325842696628,0.746972860125261,0.5853658536585367,1,5
402,0,0,0.11795774647887323,0.15454545454545457,0.11519881085098478,0.29213483146067415,0.16951983298538625,0.853658536585366,1,2
403,4,1,0.6707746478873239,0.5818181818181818,0.6161278335191379,0.6853932584269662,0.4851774530271399,0.5365853658536586,1,4
404,2,0,0.9436619718309859,0.6909090909090909,0.852099591230026,0.8876404494382022,0.6492693110647182,0.8048780487804879,0,5
405,4,1,0.9313380281690141,0.6545454545454544,0.8606465997770346,0.8314606741573034,0.8350730688935283,0.09756097560975613,0,5
406,0,0,0.7887323943661971,0.5727272727272728,0.7573392790784095,0.6629213483146068,0.3820459290187892,0.6097560975609757,0,4
407,3,0,0.20598591549295775,0.20000000000000004,0.2571534745447789,0.25842696629213485,0.19415448851774533,0.17073170731707316,0,2
408,1,0,0.6426056338028169,0.5727272727272728,0.7391304347826088,0.5730337078651686,0.39540709812108565,0.902439024390244,0,4
409,2,0,0.5757042253521126,0.6181818181818182,0.7383872166480863,0.7191011235955056,0.47599164926931115,0.09756097560975613,0,4
410,0,0,0.6602112676056338,0.5363636363636364,0.7670011148272018,0.5730337078651686,0.5561586638830898,0.8048780487804879,1,4
411,2,0,0.829225352112676,0.9818181818181818,0.924563359345968,0.8539325842696628,0.8233820459290189,0.3170731707317073,0,5
412,3,0,0.959507042253521,0.6545454545454544,0.972129319955407,0.8764044943820224,0.7624217118997912,0.7804878048780488,1,5
413,1,0,0.3996478873239437,0.3727272727272727,0.5165366034931252,0.40449438202247184,0.2784968684759917,0.8292682926829269,0,3
414,4,1,0.4225352112676057,0.36363636363636365,0.4570791527313266,0.46067415730337075,0.35699373695198333,0.4146341463414634,1,3
415,0,0,0.15140845070422537,0.09090909090909091,0.32292827945001856,0.1348314606741573,0.1966597077244259,0.3658536585365854,0,2
416,4,1,0.11971830985915492,0.11818181818181817,0.11371237458193982,0.15730337078651685,0.12192066805845514,0.9268292682926831,1,2
417,3,0,0.4119718309859155,0.3727272727272727,0.36826458565589,0.47191011235955055,0.26513569937369524,0.21951219512195125,0,3
418,2,0,0.954225352112676,0.9727272727272726,0.8743961352657005,0.9101123595505618,0.9933194154488519,0.9512195121951221,0,5
419,3,0,0.30281690140845074,0.3545454545454546,0.46339650687476774,0.37078651685393255,0.35991649269311066,0.21951219512195125,0,3
420,4,1,0.09330985915492958,0.03636363636363635,0.056484578223708656,0.011235955056179775,0.05260960334029228,0.6829268292682928,1,1
421,4,1,0.0035211267605633825,0.03636363636363635,0.04236343366778149,0.02247191011235955,0.04008350730688936,0.9268292682926831,1,1
422,4,1,0.24295774647887325,0.20000000000000004,0.15384615384615385,0.3146067415730337,0.1302713987473904,0.6097560975609757,1,2
423,4,1,0.6795774647887324,0.4636363636363636,0.6737272389446303,0.6853932584269662,0.3920668058455115,0.09756097560975613,0,4
424,3,0,0.028169014084507046,0.009090909090909094,0.08695652173913045,0.0898876404494382,0.027139874739039664,0.2439024390243903,0,1
425,1,0,0.30105633802816906,0.36363636363636365,0.4384986993682646,0.550561797752809,0.25344467640918583,0.14634146341463422,1,3
426,2,0,0.176056338028169,0.1636363636363636,0.2824228911185433,0.15730337078651685,0.1991649269311065,0.4634146341463415,1,2
427,1,0,0.11971830985915492,0.12727272727272726,0.1653660349312523,0.29213483146067415,0.12567849686847601,0.6341463414634148,0,2
428,1,0,0.13204225352112675,0.2545454545454545,0.24712002972872538,0.20224719101123595,0.16158663883089772,0.8048780487804879,1,2
429,3,0,0.11267605633802817,0.11818181818181817,0.2716462281679673,0.25842696629213485,0.11148225469728604,0.9756097560975612,1,2
430,3,0,0.897887323943662,0.8272727272727273,0.9123002601263471,0.898876404494382,0.8676409185803758,0.4634146341463415,1,5
431,4,1,0.4154929577464789,0.40909090909090906,0.34782608695652173,0.550561797752809,0.3077244258872652,0.09756097560975613,1,3
432,4,1,0.19366197183098594,0.2545454545454545,0.3102935711631364,0.29213483146067415,0.1686847599164927,0.853658536585366,1,2
433,0,0,0.8873239436619718,0.8545454545454546,0.8807134894091416,0.898876404494382,0.6680584551148226,0.8048780487804879,1,5
434,1,0,0.028169014084507046,0.09090909090909091,0.002601263470828688,0.056179775280898875,0.005845511482254699,0.5853658536585367,1,1
435,4,1,0.9700704225352113,0.6727272727272727,0.8506131549609811,1.0,0.9194154488517746,0.9756097560975612,1,5
436,3,0,0.13204225352112675,0.21818181818181817,0.18431809736157562,0.12359550561797752,0.15240083507306892,0.39024390243902446,0,2
437,1,0,0.3362676056338028,0.3090909090909091,0.38610182088442957,0.40449438202247184,0.3173277661795407,0.04878048780487804,1,3
438,4,1,0.019366197183098594,0.06363636363636363,0.03939056112969157,0.06741573033707865,0.07891440501043842,0.39024390243902446,1,1
439,1,0,0.13204225352112675,0.1818181818181818,0.15830546265328876,0.15730337078651685,0.10062630480167017,0.8292682926829269,0,2
440,0,0,0.1637323943661972,0.26363636363636367,0.22779635823114086,0.32584269662921345,0.15281837160751569,0.0,1,2
441,0,0,0.40492957746478875,0.42727272727272725,0.5287997027127462,0.5168539325842696,0.3415448851774531,0.43902439024390244,0,3
442,2,0,0.33978873239436624,0.42727272727272725,0.3690078037904125,0.38202247191011235,0.2709812108559499,0.5121951219512195,1,3
443,0,0,0.06338028169014084,0.009090909090909094,0.07543664065403195,0.07865168539325842,0.04843423799582464,0.3658536585365854,1,1
444,4,1,0.35387323943661975,0.2727272727272727,0.5061315496098104,0.42696629213483145,0.2597077244258873,0.26829268292682934,0,3
445,4,1,0.9242957746478873,0.7090909090909091,0.8316610925306578,0.9775280898876404,0.9603340292275574,0.09756097560975613,1,5
446,2,0,0.6126760563380281,0.5636363636363636,0.5785953177257526,0.5730337078651686,0.5077244258872652,0.9756097560975612,1,4
447,1,0,0.9084507042253521,0.7090909090909091,0.947603121516165,0.797752808988764,0.64258872651357,0.14634146341463422,1,5
448,2,0,0.3591549295774648,0.38181818181818183,0.48383500557413606,0.5393258426966292,0.3411273486430063,0.9756097560975612,1,3
449,2,0,0.21478873239436624,0.1818181818181818,0.11705685618729099,0.1348314606741573,0.08517745302713989,0.09756097560975613,0,2
450,0,0,0.007042253521126765,0.018181818181818174,0.08026755852842811,0.0,0.02839248434237996,0.04878048780487804,0,1
451,2,0,0.26232394366197187,0.22727272727272727,0.3017465626161278,0.2247191011235955,0.15198329853862214,0.9268292682926831,1,2
452,1,0,0.9876760563380282,0.9818181818181818,0.9851356373095504,0.9213483146067414,0.7519832985386222,0.8292682926829269,1,5
453,2,0,0.15845070422535212,0.20909090909090908,0.1605351170568562,0.28089887640449435,0.20083507306889356,0.1951219512195122,1,2
454,0,0,0.10211267605633804,0.027272727272727282,0.0947603121516165,0.033707865168539325,0.025887265135699382,0.6097560975609757,1,1
455,4,1,0.198943661971831,0.26363636363636367,0.31884057971014496,0.15730337078651685,0.12359081419624218,0.6585365853658538,1,2
456,4,1,0.07746478873239436,0.054545454545454564,0.04979561501300632,0.033707865168539325,0.03340292275574113,0.21951219512195125,0,1
457,4,1,0.07746478873239436,0.054545454545454564,0.10590858416945374,0.056179775280898875,0.0722338204592902,0.21951219512195125,0,1
458,1,0,0.3591549295774648,0.3363636363636364,0.5221107395020439,0.5056179775280898,0.32108559498956163,0.6829268292682928,1,3
459,4,1,0.04577464788732395,0.0,0.09104422147900411,0.0,0.01670146137787057,0.9756097560975612,0,1
460,1,0,0.2535211267605634,0.12727272727272726,0.12523225566703827,0.30337078651685395,0.1849686847599165,0.7804878048780488,1,2
461,2,0,0.8679577464788732,0.7272727272727273,0.8896321070234113,0.9101123595505618,0.6091858037578288,0.04878048780487804,0,5
462,2,0,0.1637323943661972,0.20909090909090908,0.23634336677814938,0.29213483146067415,0.14029227557411275,0.902439024390244,1,2
463,2,0,0.3274647887323944,0.44545454545454544,0.5525826830174656,0.49438202247191004,0.36951983298538627,0.902439024390244,1,3
464,4,1,0.45774647887323944,0.32727272727272727,0.5172798216276477,0.44943820224719105,0.29519832985386224,0.12195121951219517,1,3
465,3,0,0.06690140845070423,0.027272727272727282,0.10442214790040878,0.0,0.07473903966597079,0.1951219512195122,0,1
466,1,0,0.4137323943661972,0.34545454545454546,0.5455221107395021,0.46067415730337075,0.25929018789144054,0.902439024390244,0,3
467,2,0,0.676056338028169,0.5727272727272728,0.7606837606837606,0.7303370786516854,0.4133611691022965,0.8048780487804879,1,4
468,0,0,0.36619718309859156,0.2727272727272727,0.4132292827945002,0.41573033707865165,0.23340292275574115,0.5609756097560976,0,3
469,3,0,0.7024647887323944,0.5909090909090909,0.6016350798959494,0.5730337078651686,0.41753653444676414,0.6829268292682928,1,4
470,3,0,0.015845070422535218,0.08181818181818182,0.08881456707543665,0.06741573033707865,0.0801670146137787,0.4634146341463415,1,1
471,2,0,0.3838028169014085,0.32727272727272727,0.4065403195837979,0.47191011235955055,0.32609603340292276,0.5365853658536586,1,3
472,3,0,0.8996478873239436,0.7636363636363637,0.7989594946116685,0.9325842696629212,0.7135699373695199,0.853658536585366,0,5
473,3,0,0.19190140845070425,0.1818181818181818,0.14678558156819027,0.30337078651685395,0.17160751565762006,0.1951219512195122,0,2
474,4,1,0.4559859154929578,0.36363636363636365,0.4916387959866221,0.39325842696629215,0.24425887265135704,0.26829268292682934,1,3
475,3,0,0.31690140845070425,0.3545454545454546,0.5035302861389818,0.5056179775280898,0.2768267223382046,0.7560975609756098,0,3
476,2,0,0.6725352112676056,0.4727272727272728,0.705685618729097,0.651685393258427,0.41043841336116915,0.878048780487805,0,4
477,0,0,0.5070422535211268,0.509090909090909,0.664065403195838,0.752808988764045,0.42755741127348645,0.7560975609756098,0,4
478,4,1,0.4014084507042254,0.2909090909090909,0.3764399851356373,0.38202247191011235,0.2755741127348643,1.0,0,3
479,1,0,0.4014084507042254,0.30000000000000004,0.5414344109996284,0.550561797752809,0.2572025052192067,0.5609756097560976,0,3
480,2,0,0.27992957746478875,0.34545454545454546,0.5124489037532516,0.550561797752809,0.28935281837160753,0.9512195121951221,1,3
481,4,1,0.2200704225352113,0.12727272727272726,0.24228911185432922,0.32584269662921345,0.14154488517745303,0.8048780487804879,1,2
482,2,0,0.8767605633802816,0.8545454545454546,0.8974358974358975,0.8651685393258426,0.8509394572025053,0.39024390243902446,1,5
483,4,1,0.9137323943661971,0.9181818181818181,0.9472315124489038,0.8651685393258426,0.7148225469728602,0.9268292682926831,1,5
484,3,0,0.08450704225352114,0.054545454545454564,0.06243032329988853,0.0898876404494382,0.053444676409185814,0.7560975609756098,0,1
485,4,1,0.7288732394366197,0.4545454545454545,0.5837978446674099,0.5730337078651686,0.41377870563674324,0.5121951219512195,0,4
486,3,0,0.08802816901408451,0.009090909090909094,0.042735042735042736,0.0898876404494382,0.08183716075156577,0.43902439024390244,1,1
487,4,1,0.1778169014084507,0.2545454545454545,0.16239316239316237,0.2696629213483146,0.09519832985386223,0.9512195121951221,0,2
488,4,1,0.3485915492957747,0.3090909090909091,0.5321441843180974,0.40449438202247184,0.29311064718162844,0.9512195121951221,0,3
489,3,0,0.6795774647887324,0.5727272727272728,0.5871423262727611,0.5842696629213482,0.5139874739039666,0.34146341463414637,0,4
490,0,0,0.9788732394366197,0.7545454545454546,0.7807506503158678,0.943820224719101,0.931106471816284,0.07317073170731708,1,5
491,0,0,0.6795774647887324,0.4636363636363636,0.7346711259754738,0.6853932584269662,0.4150313152400835,0.7073170731707319,1,4
492,4,1,0.21478873239436624,0.24545454545454545,0.2400594574507618,0.1348314606741573,0.16910229645093947,0.853658536585366,0,2
493,3,0,0.10035211267605633,0.04545454545454544,0.10850984764028244,0.10112359550561797,0.04008350730688936,0.43902439024390244,0,1
494,1,0,0.5264084507042254,0.5272727272727272,0.5908584169453734,0.6629213483146068,0.5348643006263049,0.12195121951219517,1,4
495,2,0,0.13556338028169013,0.13636363636363638,0.3247863247863248,0.15730337078651685,0.1849686847599165,0.26829268292682934,0,2
496,0,0,0.8151408450704225,0.9,0.9758454106280193,0.8764044943820224,0.8409185803757829,0.9512195121951221,1,5
497,4,1,0.26760563380281693,0.34545454545454546,0.4451876625789669,0.46067415730337075,0.2943632567849687,0.6097560975609757,0,3
498,4,1,0.1267605633802817,0.1727272727272727,0.22891118543292455,0.30337078651685395,0.10855949895615868,0.04878048780487804,0,2
499,0,0,0.42957746478873243,0.31818181818181823,0.3916759568933482,0.49438202247191004,0.3202505219206681,0.853658536585366,1,3
500,4,1,0.198943661971831,0.23636363636363636,0.25492382014121145,0.1797752808988764,0.16784968684759918,0.6585365853658538,0,2
501,0,0,0.06338028169014084,0.027272727272727282,0.024897807506503153,0.0449438202247191,0.03883089770354906,0.34146341463414637,1,1
502,3,0,0.6866197183098591,0.6090909090909091,0.6373095503530286,0.7191011235955056,0.4530271398747391,0.14634146341463422,0,4
503,3,0,0.971830985915493,0.6727272727272727,0.8777406168710516,0.9101123595505618,0.9983298538622131,0.902439024390244,0,5
504,0,0,0.29929577464788737,0.4363636363636363,0.36752136752136755,0.44943820224719105,0.3603340292275574,0.8292682926829269,1,3
505,0,0,0.8151408450704225,0.6818181818181818,0.9502043849869938,1.0,0.9803757828810021,0.7073170731707319,1,5
506,2,0,0.5598591549295774,0.509090909090909,0.7788926049795615,0.6292134831460674,0.5482254697286013,0.7560975609756098,0,4
507,3,0,0.36619718309859156,0.3727272727272727,0.41099962839093274,0.39325842696629215,0.3503131524008351,0.21951219512195125,1,3
508,3,0,0.00528169014084507,0.09090909090909091,0.00594574507617987,0.011235955056179775,0.029645093945720256,0.5853658536585367,0,1
509,0,0,0.41725352112676056,0.44545454545454544,0.5343738387216648,0.39325842696629215,0.2876826722338205,0.09756097560975613,1,3
510,4,1,0.8133802816901409,0.8181818181818182,0.8216276477146043,0.898876404494382,0.7791231732776619,0.3170731707317073,1,5
511,0,0,0.3714788732394366,0.3909090909090909,0.5444072835377183,0.5393258426966292,0.36492693110647184,0.48780487804878053,0,3
512,2,0,0.9454225352112676,0.890909090909091,0.9695280564845782,0.8876404494382022,0.6597077244258873,0.5121951219512195,1,5
513,2,0,0.01056338028169014,0.054545454545454564,0.052025269416573774,0.07865168539325842,0.061377870563674324,0.39024390243902446,1,1
514,1,0,0.1408450704225352,0.21818181818181817,0.2500929022668153,0.23595505617977525,0.16910229645093947,0.9512195121951221,0,2
515,2,0,0.7676056338028169,0.5545454545454545,0.6250464511334076,0.7078651685393258,0.5674321503131524,0.878048780487805,1,4
516,1,0,0.16901408450704225,0.1090909090909091,0.32887402452619846,0.20224719101123595,0.20751565762004176,0.17073170731707316,1,2
517,3,0,0.15845070422535212,0.2545454545454545,0.23708658491267187,0.29213483146067415,0.18079331941544888,0.6341463414634148,1,2
518,4,1,0.05985915492957747,0.018181818181818174,0.10776662950575995,0.10112359550561797,0.04843423799582464,0.17073170731707316,1,1
519,1,0,0.9577464788732395,0.6818181818181818,0.9208472686733556,0.8651685393258426,0.7127348643006264,0.39024390243902446,0,5
520,1,0,0.15669014084507044,0.1090909090909091,0.305091044221479,0.1348314606741573,0.11231732776617956,0.8048780487804879,1,2
521,1,0,0.5633802816901409,0.5,0.7662578966926793,0.7303370786516854,0.5774530271398748,0.04878048780487804,1,4
522,0,0,0.06866197183098592,0.009090909090909094,0.0865849126718692,0.07865168539325842,0.0617954070981211,0.17073170731707316,1,1
523,3,0,0.7183098591549295,0.5,0.5748792270531401,0.6067415730337078,0.4271398747390397,0.7560975609756098,0,4
524,2,0,0.8380281690140845,0.9272727272727271,0.8625046451133408,0.9887640449438202,0.9845511482254697,0.7317073170731709,1,5
525,2,0,0.42605633802816906,0.38181818181818183,0.4043106651802304,0.39325842696629215,0.28810020876826725,0.9512195121951221,0,3
526,2,0,0.34154929577464793,0.31818181818181823,0.4994425863991081,0.5280898876404494,0.2350730688935282,1.0,1,3
527,0,0,0.12147887323943664,0.12727272727272726,0.14381270903010035,0.29213483146067415,0.09018789144050107,0.26829268292682934,0,2
528,4,1,0.02464788732394367,0.018181818181818174,0.060943887030843566,0.0,0.012108559498956159,0.9512195121951221,0,1
529,0,0,0.2552816901408451,0.1818181818181818,0.18543292456335936,0.24719101123595505,0.09853862212943634,0.14634146341463422,1,2
530,0,0,0.3485915492957747,0.34545454545454546,0.4968413229282794,0.41573033707865165,0.2897703549060543,0.5853658536585367,0,3
531,3,0,0.9841549295774648,0.9818181818181818,0.8647342995169083,0.8539325842696628,0.9924843423799584,0.6097560975609757,0,5
532,1,0,0.5440140845070423,0.6272727272727273,0.6261612783351914,0.6292134831460674,0.4546972860125261,0.7073170731707319,1,4
533,4,1,0.7059859154929577,0.49090909090909096,0.7075436640654033,0.6292134831460674,0.45845511482254697,0.12195121951219517,0,4
534,3,0,0.28169014084507044,0.3363636363636364,0.3619472315124489,0.5280898876404494,0.3394572025052192,0.09756097560975613,0,3
535,1,0,0.6320422535211268,0.4636363636363636,0.6633221850613155,0.6404494382022472,0.5348643006263049,0.2926829268292683,1,4
536,2,0,0.19190140845070425,0.20909090909090908,0.23597175771088813,0.15730337078651685,0.1966597077244259,0.17073170731707316,0,2
537,2,0,0.4559859154929578,0.44545454545454544,0.4555927164622817,0.42696629213483145,0.3394572025052192,0.2926829268292683,1,3
538,2,0,0.9911971830985915,0.9181818181818181,0.8807134894091416,0.8089887640449438,0.9002087682672234,0.39024390243902446,0,5
539,0,0,0.9612676056338028,0.7727272727272727,0.8680787811222594,0.9887640449438202,0.909812108559499,0.48780487804878053,0,5
540,1,0,0.9894366197183098,0.7636363636363637,0.9531772575250835,0.9550561797752808,0.6676409185803758,0.21951219512195125,0,5
541,4,1,0.9454225352112676,0.8636363636363636,0.9345968041620215,0.8876404494382022,0.8734864300626305,0.8292682926829269,1,5
542,4,1,0.24647887323943662,0.13636363636363638,0.16276477146042362,0.12359550561797752,0.1816283924843424,0.17073170731707316,0,2
543,0,0,0.3732394366197183,0.4,0.3734671125975474,0.42696629213483145,0.22546972860125264,0.2439024390243903,1,3
544,2,0,0.4313380281690141,0.40909090909090906,0.4882943143812709,0.42696629213483145,0.23131524008350735,0.902439024390244,1,3
545,0,0,0.9049295774647887,0.7909090909090908,0.8662207357859532,0.9775280898876404,0.6784968684759917,0.2439024390243903,0,5
546,1,0,0.03521126760563381,0.09090909090909091,0.02229654403567448,0.07865168539325842,0.03340292275574113,0.39024390243902446,0,1
547,1,0,0.3626760563380282,0.32727272727272727,0.5380899293942772,0.39325842696629215,0.36283924843423804,0.07317073170731708,0,3
548,4,1,0.19190140845070425,0.14545454545454548,0.13229282794500186,0.25842696629213485,0.10688935281837161,0.9756097560975612,0,2
549,0,0,0.6214788732394366,0.509090909090909,0.6885916016350799,0.7191011235955056,0.5252609603340292,0.6585365853658538,1,4
550,2,0,0.25,0.2727272727272727,0.2768487551096247,0.24719101123595505,0.16951983298538625,0.07317073170731708,0,2
551,3,0,0.7482394366197183,0.4727272727272728,0.6250464511334076,0.696629213483146,0.4947807933194155,0.5853658536585367,1,4
552,2,0,0.22359154929577468,0.13636363636363638,0.3002601263470829,0.2247191011235955,0.11315240083507308,0.4634146341463415,0,2
553,4,1,0.2517605633802817,0.2545454545454545,0.11259754738015608,0.14606741573033705,0.20083507306889356,0.34146341463414637,1,2
554,2,0,0.6602112676056338,0.5727272727272728,0.6614641397250093,0.7303370786516854,0.44258872651356995,0.4634146341463415,0,4
555,4,1,0.6285211267605634,0.509090909090909,0.6934225195094761,0.5730337078651686,0.4776617954070982,0.024390243902439046,0,4
556,3,0,0.30105633802816906,0.3545454545454546,0.49461166852471206,0.34831460674157305,0.3632567849686848,0.34146341463414637,0,3
557,4,1,0.1971830985915493,0.22727272727272727,0.12002972872538091,0.16853932584269665,0.1118997912317328,0.5365853658536586,0,2
558,2,0,0.295774647887324,0.2909090909090909,0.4050538833147529,0.37078651685393255,0.22463465553235912,0.21951219512195125,1,3
559,0,0,0.5827464788732394,0.6,0.6447417316982534,0.6179775280898876,0.398329853862213,0.902439024390244,1,4
560,1,0,0.9207746478873239,0.9636363636363635,0.970642883686362,0.797752808988764,0.7340292275574113,0.7073170731707319,1,5
561,2,0,0.6654929577464789,0.4727272727272728,0.7220364176885916,0.6629213483146068,0.4179540709812109,0.48780487804878053,0,4
562,3,0,0.1602112676056338,0.1,0.3292456335934597,0.12359550561797752,0.19874739039665973,0.0,1,2
563,0,0,0.0721830985915493,0.03636363636363635,0.0765514678558157,0.056179775280898875,0.06805845511482256,0.3658536585365854,0,1
564,4,1,0.028169014084507046,0.054545454545454564,0.05128205128205128,0.0,0.06805845511482256,0.3170731707317073,1,1
565,3,0,0.45774647887323944,0.3090909090909091,0.36046079524340396,0.5056179775280898,0.3373695198329854,0.6341463414634148,1,3
566,2,0,0.0528169014084507,0.027272727272727282,0.059457450761798605,0.056179775280898875,0.08100208768267225,0.5365853658536586,1,1
567,0,0,0.15140845070422537,0.26363636363636367,0.3084355258268302,0.1797752808988764,0.1653444676409186,0.4146341463414634,0,2
568,1,0,0.09859154929577464,0.06363636363636363,0.0037160906726124154,0.06741573033707865,0.05219206680584552,0.34146341463414637,1,1
569,0,0,0.4595070422535212,0.3909090909090909,0.4589371980676329,0.37078651685393255,0.24968684759916493,0.7560975609756098,0,3
570,0,0,0.6584507042253521,0.509090909090909,0.6982534373838721,0.752808988764045,0.511482254697286,0.0,1,4
571,1,0,0.7235915492957746,0.5545454545454545,0.6042363433667781,0.7191011235955056,0.5507306889352819,0.9512195121951221,1,4
572,0,0,0.7288732394366197,0.4636363636363636,0.7160906726124118,0.7078651685393258,0.4559498956158664,0.17073170731707316,0,4
573,1,0,0.31866197183098594,0.44545454545454544,0.5406911928651059,0.3595505617977528,0.31816283924843425,0.9268292682926831,0,3
574,2,0,0.8926056338028169,0.7363636363636363,0.9498327759197324,0.8539325842696628,0.858455114822547,0.09756097560975613,1,5
575,3,0,0.8609154929577465,0.9,0.8431809736157563,0.9325842696629212,0.8605427974947808,0.7073170731707319,0,5
576,2,0,0.11267605633802817,0.22727272727272727,0.11296915644741733,0.2247191011235955,0.14363256784968687,0.7560975609756098,1,2
577,0,0,0.9225352112676056,0.8454545454545456,0.9193608324043107,0.8202247191011236,0.6279749478079333,0.39024390243902446,0,5
578,4,1,0.6179577464788732,0.5909090909090909,0.7112597547380156,0.6292134831460674,0.49645093945720253,0.4634146341463415,0,4
579,1,0,0.3996478873239437,0.4545454545454545,0.5250836120401338,0.43820224719101125,0.339874739039666,0.5365853658536586,0,3
580,2,0,0.029929577464788734,0.009090909090909094,0.08547008547008549,0.0898876404494382,0.008350730688935284,0.43902439024390244,1,1
581,4,1,0.875,0.8181818181818182,0.7907840951319213,0.8089887640449438,0.6826722338204594,0.21951219512195125,0,5
582,2,0,0.20774647887323944,0.15454545454545457,0.12002972872538091,0.2696629213483146,0.13110647181628393,0.21951219512195125,1,2
583,4,1,0.2834507042253521,0.42727272727272725,0.4132292827945002,0.48314606741573035,0.3711899791231733,0.024390243902439046,0,3
584,0,0,0.0721830985915493,0.08181818181818182,0.09996283909327387,0.0,0.006263048016701467,0.6097560975609757,0,1
585,1,0,0.07570422535211267,0.027272727272727282,0.08769973987365291,0.10112359550561797,0.030480167014613778,0.2926829268292683,0,1
586,1,0,0.20950704225352113,0.19090909090909094,0.3303604607952434,0.20224719101123595,0.19248434237995826,0.26829268292682934,1,2
587,3,0,0.29401408450704225,0.3090909090909091,0.5065031586770717,0.38202247191011235,0.21127348643006266,0.6097560975609757,0,3
588,2,0,0.5246478873239436,0.4636363636363636,0.6217019695280565,0.696629213483146,0.4171189979123174,0.14634146341463422,1,4
589,1,0,0.6936619718309859,0.5909090909090909,0.6291341508732813,0.7303370786516854,0.4701461377870564,0.43902439024390244,1,4
590,2,0,0.14260563380281693,0.23636363636363636,0.1207729468599034,0.1797752808988764,0.15114822546972861,0.5121951219512195,0,2
591,2,0,0.22711267605633806,0.24545454545454545,0.12188777406168712,0.25842696629213485,0.19749478079331945,0.2926829268292683,1,2
592,0,0,0.9683098591549295,0.9545454545454545,0.9160163507989595,0.8314606741573034,0.9348643006263049,0.43902439024390244,0,5
593,2,0,0.6144366197183099,0.6090909090909091,0.5600148643626904,0.6067415730337078,0.3958246346555324,0.09756097560975613,0,4
594,2,0,0.32922535211267606,0.2909090909090909,0.4451876625789669,0.3595505617977528,0.24008350730688938,0.1951219512195122,0,3
595,3,0,0.7341549295774648,0.4818181818181818,0.6157562244518766,0.595505617977528,0.5590814196242172,0.7317073170731709,1,4
596,1,0,0.8485915492957746,0.8636363636363636,0.8309178743961353,0.8089887640449438,0.6647181628392484,0.5609756097560976,1,5
597,3,0,0.8468309859154929,0.890909090909091,0.8275733927907841,0.9101123595505618,0.954070981210856,0.07317073170731708,1,5
598,1,0,0.19366197183098594,0.13636363636363638,0.19435154217762912,0.23595505617977525,0.10229645093945722,1.0,1,2
599,2,0,0.147887323943662,0.1818181818181818,0.30806391675956896,0.23595505617977525,0.20626304801670148,0.2439024390243903,1,2
600,2,0,0.2852112676056338,0.30000000000000004,0.4013377926421404,0.3595505617977528,0.3352818371607516,0.7073170731707319,0,3
601,4,1,0.5193661971830985,0.4545454545454545,0.7216648086213304,0.6741573033707864,0.49853862212943634,0.2926829268292683,0,4
602,1,0,0.09330985915492958,0.018181818181818174,0.09030100334448161,0.056179775280898875,0.07599164926931107,0.6341463414634148,1,1
603,1,0,0.1619718309859155,0.1818181818181818,0.23039762170196953,0.24719101123595505,0.11315240083507308,0.6097560975609757,1,2
604,1,0,0.19014084507042256,0.1,0.13303604607952435,0.1348314606741573,0.13444676409185805,0.5609756097560976,0,2
605,1,0,0.26760563380281693,0.3909090909090909,0.3626904496469714,0.3595505617977528,0.32693110647181634,0.878048780487805,0,3
606,1,0,0.6954225352112676,0.4545454545454545,0.6042363433667781,0.696629213483146,0.4375782881002088,0.853658536585366,0,4
607,1,0,0.9683098591549295,0.8545454545454546,0.8153102935711631,0.797752808988764,0.9766179540709813,0.4634146341463415,0,5
608,3,0,0.30457746478873243,0.2727272727272727,0.37941285767372723,0.5168539325842696,0.28601252609603345,0.07317073170731708,1,3
609,3,0,0.4014084507042254,0.3545454545454546,0.4808621330360461,0.5168539325842696,0.34864300626304806,0.5365853658536586,0,3
610,4,1,0.9172535211267605,0.6818181818181818,0.9754738015607581,0.9213483146067414,0.7511482254697287,0.8048780487804879,1,5
611,4,1,0.8397887323943661,0.7818181818181817,0.8561872909698997,0.9550561797752808,0.6016701461377871,0.7317073170731709,1,5
612,3,0,0.04753521126760564,0.027272727272727282,0.06949089557785211,0.06741573033707865,0.012108559498956159,0.4634146341463415,1,1
613,3,0,0.9207746478873239,0.8363636363636363,0.9695280564845782,0.8089887640449438,0.9766179540709813,0.6341463414634148,1,5
614,0,0,0.03345070422535211,0.009090909090909094,0.03455964325529544,0.06741573033707865,0.021294363256784972,0.6829268292682928,0,1
615,2,0,0.13380281690140844,0.2727272727272727,0.31809736157562246,0.14606741573033705,0.1632567849686848,0.0,1,2
616,0,0,0.15669014084507044,0.24545454545454545,0.11371237458193982,0.29213483146067415,0.14989561586638833,0.8292682926829269,1,2
617,1,0,0.45422535211267606,0.4,0.4362690449646971,0.43820224719101125,0.2776617954070981,0.43902439024390244,0,3
618,0,0,0.3433098591549296,0.4181818181818181,0.4035674470457079,0.5056179775280898,0.3603340292275574,0.43902439024390244,0,3
619,1,0,0.5492957746478873,0.5454545454545454,0.5663322185061316,0.6853932584269662,0.407098121085595,0.1951219512195122,0,4
620,2,0,0.4612676056338028,0.2909090909090909,0.41062801932367154,0.49438202247191004,0.31941544885177453,1.0,1,3
621,4,1,0.33098591549295775,0.36363636363636365,0.4358974358974359,0.40449438202247184,0.3632567849686848,1.0,0,3
622,0,0,0.05985915492957747,0.07272727272727272,0.018208844295800816,0.056179775280898875,0.07181628392484343,0.9268292682926831,1,1
623,3,0,0.7447183098591549,0.5818181818181818,0.7658862876254181,0.6179775280898876,0.3941544885177453,0.5609756097560976,0,4
624,1,0,0.02112676056338028,0.07272727272727272,0.042735042735042736,0.056179775280898875,0.07599164926931107,0.07317073170731708,1,1
625,2,0,0.01056338028169014,0.04545454545454544,0.002972872538089935,0.056179775280898875,0.07098121085594991,0.6585365853658538,1,1
626,1,0,0.04401408450704225,0.07272727272727272,0.009661835748792272,0.02247191011235955,0.03924843423799582,0.3170731707317073,0,1
627,4,1,0.31690140845070425,0.36363636363636365,0.4875510962467484,0.48314606741573035,0.2409185803757829,0.902439024390244,0,3
628,4,1,0.346830985915493,0.38181818181818183,0.4251207729468599,0.40449438202247184,0.3415448851774531,1.0,1,3
629,3,0,0.029929577464788734,0.018181818181818174,0.05016722408026757,0.0898876404494382,0.05511482254697287,0.902439024390244,1,1
630,4,1,0.7588028169014084,0.4818181818181818,0.6265328874024526,0.5842696629213482,0.37661795407098125,0.07317073170731708,1,4
631,0,0,0.11267605633802817,0.19090909090909094,0.28836863619472314,0.3146067415730337,0.16158663883089772,0.17073170731707316,1,2
632,2,0,0.3274647887323944,0.3727272727272727,0.4388703084355259,0.49438202247191004,0.3653444676409186,0.6585365853658538,0,3
633,4,1,0.8204225352112676,0.8363636363636363,0.8491267186919361,0.8314606741573034,0.7594989561586639,0.9268292682926831,0,5
634,1,0,0.19014084507042256,0.20000000000000004,0.31215161649944256,0.23595505617977525,0.11022964509394573,0.26829268292682934,0,2
635,4,1,0.5070422535211268,0.509090909090909,0.6514306949089558,0.6404494382022472,0.4805845511482255,0.6097560975609757,1,4
636,2,0,0.11619718309859155,0.21818181818181817,0.33296172426607207,0.32584269662921345,0.12484342379958249,0.7317073170731709,0,2
637,1,0,0.8450704225352113,0.8818181818181817,0.791898922333705,0.898876404494382,0.6793319415448852,0.7073170731707319,1,5
638,3,0,0.09330985915492958,0.009090909090909094,0.09067261241174286,0.0,0.0780793319415449,0.34146341463414637,0,1
639,0,0,0.681338028169014,0.4727272727272728,0.6584912671869194,0.595505617977528,0.43131524008350736,0.4146341463414634,0,4
640,0,0,0.8943661971830986,0.8,0.9201040505388333,0.9101123595505618,0.8258872651356994,0.4146341463414634,0,5
641,2,0,0.05809859154929578,0.07272727272727272,0.007060572277963584,0.011235955056179775,0.07056367432150315,0.5853658536585367,1,1
642,1,0,0.03521126760563381,0.03636363636363635,0.05239687848383502,0.06741573033707865,0.06388308977035492,0.1951219512195122,0,1
643,0,0,0.8309859154929577,0.6545454545454544,0.8528428093645485,0.898876404494382,0.6058455114822547,0.21951219512195125,1,5
644,1,0,0.13204225352112675,0.20909090909090908,0.15644741731698253,0.28089887640449435,0.19373695198329857,0.6829268292682928,1,2
645,0,0,0.2746478873239437,0.34545454545454546,0.44295800817539943,0.48314606741573035,0.3536534446764092,0.04878048780487804,0,3
646,3,0,0.2535211267605634,0.1727272727272727,0.3325901151988109,0.14606741573033705,0.1014613778705637,0.04878048780487804,0,2
647,2,0,0.10387323943661973,0.027272727272727282,0.004459308807134896,0.06741573033707865,0.041336116910229655,0.9756097560975612,0,1
648,4,1,0.06338028169014084,0.04545454545454544,0.09773318468970645,0.07865168539325842,0.07557411273486431,0.5853658536585367,0,1
649,4,1,0.6320422535211268,0.4818181818181818,0.7402452619843924,0.7415730337078652,0.5144050104384134,0.853658536585366,1,4
650,3,0,0.2746478873239437,0.4,0.4923820141211446,0.5393258426966292,0.28726513569937373,0.3170731707317073,0,3
651,0,0,0.20950704225352113,0.09090909090909091,0.2746191007060572,0.32584269662921345,0.10605427974947809,0.7560975609756098,1,2
652,4,1,0.06866197183098592,0.06363636363636363,0.08063916759568936,0.0,0.027139874739039664,0.8048780487804879,0,1
653,3,0,0.3098591549295775,0.38181818181818183,0.49424005945745075,0.41573033707865165,0.24718162839248436,0.2926829268292683,1,3
654,2,0,0.03345070422535211,0.018181818181818174,0.023411371237458192,0.10112359550561797,0.017536534446764097,0.26829268292682934,1,1
655,0,0,0.9929577464788732,0.8636363636363636,0.9427722036417688,0.9101123595505618,0.6450939457202506,0.9268292682926831,1,5
656,0,0,0.13028169014084506,0.24545454545454545,0.2697881828316611,0.21348314606741575,0.1632567849686848,0.5121951219512195,1,2
657,0,0,0.4084507042253521,0.4181818181818181,0.44109996283909325,0.550561797752809,0.21962421711899793,0.878048780487805,0,3
658,3,0,0.4366197183098592,0.3909090909090909,0.3961352657004831,0.5168539325842696,0.3306889352818372,0.5365853658536586,0,3
659,3,0,0.7623239436619718,0.5272727272727272,0.7640282422891119,0.651685393258427,0.47348643006263047,0.6097560975609757,0,4
660,3,0,0.8362676056338028,0.7818181818181817,0.8034188034188035,0.9101123595505618,0.9490605427974949,0.4146341463414634,1,5
661,0,0,0.03521126760563381,0.04545454545454544,0.03158677071720552,0.02247191011235955,0.018371607515657626,1.0,1,1
662,3,0,0.19014084507042256,0.19090909090909094,0.23968784838350055,0.21348314606741575,0.1849686847599165,0.7317073170731709,1,2
663,3,0,0.176056338028169,0.20000000000000004,0.3296172426607209,0.30337078651685395,0.1444676409185804,0.6585365853658538,1,2
664,0,0,0.772887323943662,0.49090909090909096,0.5782237086584913,0.7640449438202246,0.4989561586638831,0.902439024390244,0,4
665,3,0,0.9242957746478873,0.8454545454545456,0.8420661464139725,0.8202247191011236,0.7937369519832986,0.8292682926829269,1,5
666,4,1,0.295774647887324,0.4,0.46153846153846156,0.48314606741573035,0.22254697286012526,0.853658536585366,1,3
667,2,0,0.8785211267605634,0.9454545454545454,0.9620958751393535,0.8089887640449438,0.7277661795407099,0.6829268292682928,1,5
668,2,0,0.3080985915492958,0.40909090909090906,0.5191378669639539,0.43820224719101125,0.2617954070981211,0.43902439024390244,1,3
669,4,1,0.24647887323943662,0.12727272727272726,0.2738758825715347,0.3146067415730337,0.09686847599164927,0.12195121951219517,1,2
670,2,0,0.22887323943661975,0.20000000000000004,0.12857673727238944,0.23595505617977525,0.0989561586638831,0.21951219512195125,0,2
671,4,1,0.0897887323943662,0.054545454545454564,0.03158677071720552,0.033707865168539325,0.05093945720250522,0.7317073170731709,1,1
672,0,0,0.7711267605633803,0.5727272727272728,0.6075808249721293,0.6067415730337078,0.46221294363256793,0.09756097560975613,1,4
673,3,0,0.8274647887323944,0.9272727272727271,0.9747305834262355,0.8314606741573034,0.975365344467641,0.21951219512195125,1,5
674,0,0,0.012323943661971828,0.054545454545454564,0.06986250464511336,0.0898876404494382,0.04759916492693111,0.8292682926829269,1,1
675,3,0,0.8661971830985915,0.9454545454545454,0.9193608324043107,0.9325842696629212,0.6956158663883091,0.21951219512195125,0,5
676,3,0,0.0897887323943662,0.04545454545454544,0.09030100334448161,0.07865168539325842,0.023799582463465564,0.5365853658536586,1,1
677,1,0,0.19542253521126762,0.2545454545454545,0.14381270903010035,0.3146067415730337,0.1979123173277662,0.39024390243902446,1,2
678,2,0,0.14964788732394368,0.22727272727272727,0.15013006317354144,0.1797752808988764,0.1640918580375783,0.8292682926829269,0,2
679,0,0,0.47183098591549294,0.32727272727272727,0.4544778892604979,0.550561797752809,0.29728601252609604,0.43902439024390244,0,3
680,4,1,0.00528169014084507,0.07272727272727272,0.011891490152359727,0.06741573033707865,0.00459290187891441,0.43902439024390244,0,1
681,0,0,0.4876760563380282,0.4636363636363636,0.6700111482720178,0.7415730337078652,0.421294363256785,0.17073170731707316,0,4
682,3,0,0.6161971830985915,0.6,0.7625418060200669,0.752808988764045,0.4546972860125261,0.2926829268292683,1,4
683,3,0,0.28169014084507044,0.40909090909090906,0.5261984392419176,0.5393258426966292,0.2977035490605428,0.5853658536585367,1,3
684,2,0,0.07922535211267605,0.054545454545454564,0.008547008547008558,0.02247191011235955,0.05135699373695198,0.6585365853658538,1,1
685,0,0,0.33098591549295775,0.2727272727272727,0.34150873281308064,0.41573033707865165,0.3006263048016702,0.17073170731707316,1,3
686,3,0,0.6725352112676056,0.509090909090909,0.5785953177257526,0.6404494382022472,0.5390396659707725,0.0,1,4
687,0,0,0.5369718309859155,0.6090909090909091,0.6447417316982534,0.651685393258427,0.37787056367432154,0.0,1,4
688,1,0,0.6285211267605634,0.4818181818181818,0.6674098848011891,0.5730337078651686,0.4492693110647182,0.878048780487805,1,4
689,0,0,0.40669014084507044,0.3545454545454546,0.4782608695652174,0.5168539325842696,0.3014613778705637,0.8292682926829269,0,3
690,2,0,0.8996478873239436,0.7727272727272727,0.7885544407283538,0.9887640449438202,0.6045929018789145,0.34146341463414637,1,5
691,0,0,0.2904929577464789,0.42727272727272725,0.4254923820141211,0.42696629213483145,0.2409185803757829,0.2926829268292683,1,3
692,4,1,0.2605633802816902,0.2727272727272727,0.20587142326272762,0.30337078651685395,0.19498956158663885,0.8048780487804879,0,2
693,3,0,0.6126760563380281,0.5181818181818182,0.5930880713489409,0.7640449438202246,0.5649269311064719,0.7317073170731709,0,4
694,3,0,0.8362676056338028,0.6909090909090909,0.9253065774804906,0.8089887640449438,0.67098121085595,0.3170731707317073,1,5
695,2,0,0.9401408450704225,0.7909090909090908,0.7878112225938313,0.8202247191011236,0.7862212943632568,0.39024390243902446,0,5
696,4,1,0.1091549295774648,0.26363636363636367,0.2898550724637681,0.1797752808988764,0.1164926931106472,0.09756097560975613,1,2
697,3,0,0.5035211267605634,0.5272727272727272,0.6179858788554441,0.651685393258427,0.45887265135699373,1.0,1,4
698,0,0,0.12147887323943664,0.19090909090909094,0.23782980304719437,0.1348314606741573,0.14822546972860126,0.7804878048780488,0,2
699,2,0,0.05633802816901409,0.06363636363636363,0.04793756967670011,0.033707865168539325,0.05093945720250522,0.6341463414634148,1,1
700,1,0,0.3204225352112676,0.4,0.37309550353028614,0.43820224719101125,0.30313152400835075,0.12195121951219517,0,3
