User ID,Device Model,Operating System,App Usage Time (min/day),Screen On Time (hours/day),Battery Drain (mAh/day),Number of Apps Installed,Data Usage (MB/day),Age,Gender
83,3,0,0.528169014084507,0.5636363636363636,0.7658862876254181,0.752808988764045,0.4304801670146138,0.073170731707317,0
52,3,0,0.3785211267605634,0.4454545454545454,0.3496841322928279,0.4719101123595505,0.3269311064718163,0.2682926829268293,1
221,1,0,0.7095070422535211,0.5272727272727272,0.6655518394648829,0.7303370786516854,0.5002087682672234,0.3414634146341463,1
670,2,0,0.2288732394366197,0.2,0.1285767372723894,0.2359550561797752,0.0989561586638831,0.2195121951219512,0
546,1,0,0.0352112676056338,0.0909090909090909,0.0222965440356744,0.0786516853932584,0.0334029227557411,0.3902439024390244,0
303,4,1,0.772887323943662,0.4545454545454545,0.7387588257153475,0.6404494382022472,0.4108559498956159,0.3902439024390244,0
578,4,1,0.6179577464788732,0.5909090909090909,0.7112597547380156,0.6292134831460674,0.4964509394572025,0.4634146341463415,0
216,1,0,0.920774647887324,0.6727272727272727,0.8387216648086213,0.8876404494382022,0.989144050104384,0.8048780487804879,1
236,3,0,0.0123239436619718,0.0363636363636363,0.0248978075065031,0.0898876404494382,0.0805845511482254,0.024390243902439,0
19,0,0,0.0897887323943662,0.0363636363636363,0.0951319212188777,0.0674157303370786,0.081419624217119,0.1951219512195122,0
251,1,0,0.0211267605633802,0.0363636363636363,0.0081753994797473,0.0337078651685393,0.0709812108559499,0.2682926829268293,0
261,3,0,0.0598591549295774,0.0272727272727272,0.0698625046451133,0.0449438202247191,0.0204592901878914,0.6097560975609757,0
431,4,1,0.4154929577464789,0.409090909090909,0.3478260869565217,0.550561797752809,0.3077244258872652,0.0975609756097561,1
265,4,1,0.5352112676056338,0.5272727272727272,0.6309921962095876,0.752808988764045,0.4079331941544885,0.5365853658536586,0
62,3,0,0.4911971830985915,0.5909090909090909,0.73950204384987,0.752808988764045,0.4805845511482255,0.951219512195122,0
214,3,0,0.0193661971830985,0.009090909090909,0.1062801932367149,0.0,0.060125260960334,0.0975609756097561,1
378,0,0,0.7535211267605634,0.4545454545454545,0.5845410628019324,0.595505617977528,0.4050104384133612,0.3170731707317073,0
30,2,0,0.6725352112676056,0.4727272727272728,0.5934596804162021,0.7640449438202246,0.5352818371607516,0.024390243902439,0
183,4,1,0.9049295774647887,0.7454545454545454,0.9788182831661092,0.8202247191011236,0.9661795407098124,0.7073170731707319,0
307,1,0,0.375,0.3636363636363636,0.3455964325529543,0.4157303370786516,0.3235908141962422,0.6097560975609757,1
389,3,0,0.9383802816901408,0.9636363636363636,0.990709773318469,0.9213483146067414,0.8722338204592902,0.3902439024390244,0
330,4,1,0.8996478873239436,0.6636363636363637,0.9524340393905611,0.8876404494382022,0.7173277661795407,0.5853658536585367,0
438,4,1,0.0193661971830985,0.0636363636363636,0.0393905611296915,0.0674157303370786,0.0789144050104384,0.3902439024390244,1
297,1,0,0.7535211267605634,0.509090909090909,0.7105165366034931,0.6404494382022472,0.4430062630480167,0.3170731707317073,0
586,1,0,0.2095070422535211,0.1909090909090909,0.3303604607952434,0.2022471910112359,0.1924843423799582,0.2682926829268293,1
343,4,1,0.8785211267605634,0.8636363636363636,0.9918246005202528,0.8651685393258426,0.6601252609603341,0.9268292682926832,1
437,1,0,0.3362676056338028,0.3090909090909091,0.3861018208844295,0.4044943820224718,0.3173277661795407,0.048780487804878,1
581,4,1,0.875,0.8181818181818182,0.7907840951319213,0.8089887640449438,0.6826722338204594,0.2195121951219512,0
327,2,0,0.2975352112676057,0.4545454545454545,0.5221107395020439,0.5280898876404494,0.3252609603340292,0.902439024390244,1
363,3,0,0.0845070422535211,0.0454545454545454,0.0144927536231884,0.0112359550561797,0.0655532359081419,0.4878048780487805,0
619,1,0,0.5492957746478873,0.5454545454545454,0.5663322185061316,0.6853932584269662,0.407098121085595,0.1951219512195122,0
580,2,0,0.0299295774647887,0.009090909090909,0.0854700854700854,0.0898876404494382,0.0083507306889352,0.4390243902439024,1
232,4,1,0.8186619718309859,0.7181818181818183,0.9487179487179488,0.9101123595505618,0.8551148225469729,0.3170731707317073,1
337,2,0,0.7799295774647887,0.6272727272727273,0.73950204384987,0.5842696629213482,0.5720250521920669,0.6341463414634148,1
657,0,0,0.4084507042253521,0.4181818181818181,0.4410999628390932,0.550561797752809,0.2196242171189979,0.878048780487805,0
164,4,1,0.0035211267605633,0.0909090909090909,0.0620587142326272,0.0898876404494382,0.0154488517745302,0.0975609756097561,1
287,2,0,0.5,0.5818181818181818,0.6815310293571163,0.6067415730337078,0.5319415448851775,0.7073170731707319,0
614,0,0,0.0334507042253521,0.009090909090909,0.0345596432552954,0.0674157303370786,0.0212943632567849,0.6829268292682928,0
519,1,0,0.9577464788732396,0.6818181818181818,0.9208472686733556,0.8651685393258426,0.7127348643006264,0.3902439024390244,0
465,3,0,0.0669014084507042,0.0272727272727272,0.1044221479004087,0.0,0.0747390396659707,0.1951219512195122,0
278,0,0,0.352112676056338,0.3090909090909091,0.4849498327759197,0.4719101123595505,0.3240083507306889,0.878048780487805,1
409,2,0,0.5757042253521126,0.6181818181818182,0.7383872166480863,0.7191011235955056,0.4759916492693111,0.0975609756097561,0
105,3,0,0.2394366197183098,0.1636363636363636,0.3013749535488666,0.2022471910112359,0.1077244258872651,0.1707317073170731,1
115,3,0,0.7764084507042254,0.6272727272727273,0.6889632107023411,0.7415730337078652,0.5102296450939457,0.878048780487805,0
629,3,0,0.0299295774647887,0.0181818181818181,0.0501672240802675,0.0898876404494382,0.0551148225469728,0.902439024390244,1
587,3,0,0.2940140845070422,0.3090909090909091,0.5065031586770717,0.3820224719101123,0.2112734864300626,0.6097560975609757,0
468,0,0,0.3661971830985915,0.2727272727272727,0.4132292827945002,0.4157303370786516,0.2334029227557411,0.5609756097560976,0
93,4,1,0.0950704225352112,0.0363636363636363,0.0739502043849869,0.0674157303370786,0.075991649269311,0.9268292682926832,0
8,1,0,0.903169014084507,0.9454545454545454,0.986250464511334,0.8089887640449438,0.6680584551148226,0.3170731707317073,1
90,2,0,0.477112676056338,0.4727272727272728,0.6506874767744333,0.7303370786516854,0.5014613778705637,0.6585365853658538,1
530,0,0,0.3485915492957747,0.3454545454545454,0.4968413229282794,0.4157303370786516,0.2897703549060543,0.5853658536585367,0
381,4,1,0.278169014084507,0.3272727272727272,0.5444072835377183,0.4157303370786516,0.230062630480167,0.3902439024390244,1
523,3,0,0.7183098591549295,0.5,0.5748792270531401,0.6067415730337078,0.4271398747390397,0.7560975609756098,0
568,1,0,0.0985915492957746,0.0636363636363636,0.0037160906726124,0.0674157303370786,0.0521920668058455,0.3414634146341463,1
364,4,1,0.5123239436619718,0.6272727272727273,0.6900780379041249,0.6067415730337078,0.5832985386221294,0.6585365853658538,1
640,0,0,0.8943661971830986,0.8,0.9201040505388332,0.9101123595505618,0.8258872651356994,0.4146341463414634,0
141,3,0,0.3327464788732394,0.3818181818181818,0.4489037532515794,0.3595505617977528,0.2308977035490605,0.7804878048780488,0
29,1,0,0.7429577464788732,0.5272727272727272,0.7748049052396878,0.752808988764045,0.5653444676409186,0.902439024390244,0
44,2,0,0.2147887323943662,0.2454545454545454,0.2567818654775176,0.247191011235955,0.1365344467640918,0.0,1
43,2,0,0.1584507042253521,0.1,0.1553325901151988,0.3258426966292134,0.1210855949895615,0.6097560975609757,1
74,3,0,0.0017605633802816,0.009090909090909,0.1051653660349312,0.0112359550561797,0.0442588726513569,0.7804878048780488,0
168,0,0,0.0088028169014084,0.0454545454545454,0.0613154960981048,0.0,0.0233820459290187,0.9756097560975612,1
211,2,0,0.7411971830985915,0.4636363636363636,0.6711259754738016,0.7415730337078652,0.5561586638830898,0.1707317073170731,0
612,3,0,0.0475352112676056,0.0272727272727272,0.0694908955778521,0.0674157303370786,0.0121085594989561,0.4634146341463415,1
67,4,1,0.3996478873239437,0.3181818181818182,0.5213675213675214,0.5280898876404494,0.3382045929018789,0.902439024390244,1
12,1,0,0.3257042253521127,0.409090909090909,0.5157933853586028,0.4157303370786516,0.2250521920668058,0.1463414634146342,1
638,3,0,0.0933098591549295,0.009090909090909,0.0906726124117428,0.0,0.0780793319415449,0.3414634146341463,0
569,0,0,0.4595070422535212,0.3909090909090909,0.4589371980676329,0.3707865168539325,0.2496868475991649,0.7560975609756098,0
179,3,0,0.3116197183098592,0.4272727272727272,0.4756596060943887,0.4719101123595505,0.2463465553235908,0.4878048780487805,1
535,1,0,0.6320422535211268,0.4636363636363636,0.6633221850613155,0.6404494382022472,0.5348643006263049,0.2926829268292683,1
358,4,1,0.806338028169014,0.7727272727272727,0.94314381270903,0.9213483146067414,0.7866388308977036,0.7317073170731709,0
650,3,0,0.2746478873239437,0.4,0.4923820141211446,0.5393258426966292,0.2872651356993737,0.3170731707317073,0
292,0,0,0.0440140845070422,0.0545454545454545,0.0215533259011519,0.1011235955056179,0.0196242171189979,0.2926829268292683,1
421,4,1,0.0035211267605633,0.0363636363636363,0.0423634336677814,0.0224719101123595,0.0400835073068893,0.9268292682926832,1
178,2,0,0.2869718309859155,0.4272727272727272,0.4344109996283909,0.4606741573033707,0.3632567849686848,0.3170731707317073,0
457,4,1,0.0774647887323943,0.0545454545454545,0.1059085841694537,0.0561797752808988,0.0722338204592902,0.2195121951219512,0
445,4,1,0.9242957746478871,0.7090909090909091,0.8316610925306578,0.9775280898876404,0.9603340292275574,0.0975609756097561,1
84,3,0,0.0158450704225352,0.0727272727272727,0.0245261984392419,0.0112359550561797,0.0012526096033402,0.024390243902439,1
454,0,0,0.102112676056338,0.0272727272727272,0.0947603121516165,0.0337078651685393,0.0258872651356993,0.6097560975609757,1
355,1,0,0.0404929577464788,0.0363636363636363,0.0568561872909699,0.0449438202247191,0.001670146137787,0.878048780487805,0
537,2,0,0.4559859154929578,0.4454545454545454,0.4555927164622817,0.4269662921348314,0.3394572025052192,0.2926829268292683,1
577,0,0,0.9225352112676056,0.8454545454545456,0.9193608324043108,0.8202247191011236,0.6279749478079333,0.3902439024390244,0
80,0,0,0.352112676056338,0.4272727272727272,0.3537718320327016,0.4719101123595505,0.3703549060542798,0.3902439024390244,0
24,0,0,0.4612676056338028,0.4181818181818181,0.408398364920104,0.4044943820224718,0.3536534446764092,0.4634146341463415,0
16,0,0,0.8327464788732394,0.8545454545454546,0.8431809736157563,0.8314606741573034,0.8029227557411274,0.5121951219512195,0
382,4,1,0.8151408450704225,0.8545454545454546,0.7993311036789298,1.0,0.7144050104384134,0.5121951219512195,1
293,0,0,0.051056338028169,0.0727272727272727,0.072463768115942,0.0,0.0442588726513569,0.4390243902439024,0
276,1,0,0.829225352112676,0.9909090909090909,0.8918617614269789,0.8764044943820224,0.6830897703549061,0.7560975609756098,1
655,0,0,0.9929577464788732,0.8636363636363636,0.9427722036417688,0.9101123595505618,0.6450939457202506,0.9268292682926832,1
315,4,1,0.4419014084507042,0.3545454545454546,0.4697138610182089,0.550561797752809,0.2212943632567849,0.2682926829268293,1
611,4,1,0.8397887323943661,0.7818181818181817,0.8561872909698997,0.9550561797752808,0.6016701461377871,0.7317073170731709,1
138,3,0,0.3644366197183099,0.3181818181818182,0.3961352657004831,0.3595505617977528,0.3198329853862213,0.1463414634146342,0
487,4,1,0.1778169014084507,0.2545454545454545,0.1623931623931623,0.2696629213483146,0.0951983298538622,0.951219512195122,0
572,0,0,0.7288732394366197,0.4636363636363636,0.7160906726124118,0.7078651685393258,0.4559498956158664,0.1707317073170731,0
34,0,0,0.028169014084507,0.0909090909090909,0.0575994054254924,0.0449438202247191,0.0012526096033402,0.9756097560975612,1
589,1,0,0.6936619718309859,0.5909090909090909,0.6291341508732813,0.7303370786516854,0.4701461377870564,0.4390243902439024,1
258,3,0,0.426056338028169,0.3636363636363636,0.5027870680044593,0.3932584269662921,0.2438413361169102,0.024390243902439,0
10,4,1,0.6936619718309859,0.509090909090909,0.6150130063173541,0.7303370786516854,0.5006263048016701,0.5853658536585367,1
23,2,0,0.6919014084507042,0.5,0.6659234485321442,0.6179775280898876,0.5302713987473905,0.1219512195121951,0
545,0,0,0.9049295774647887,0.7909090909090908,0.8662207357859532,0.9775280898876404,0.6784968684759917,0.2439024390243903,0
222,1,0,0.181338028169014,0.0909090909090909,0.261984392419175,0.2359550561797752,0.1315240083507307,0.3414634146341463,1
405,4,1,0.931338028169014,0.6545454545454544,0.8606465997770346,0.8314606741573034,0.8350730688935283,0.0975609756097561,0
686,3,0,0.6725352112676056,0.509090909090909,0.5785953177257526,0.6404494382022472,0.5390396659707725,0.0,1
335,2,0,0.0123239436619718,0.0454545454545454,0.0271274619100706,0.0898876404494382,0.060125260960334,0.6829268292682928,0
85,0,0,0.3397887323943662,0.3181818181818182,0.3749535488665923,0.5168539325842696,0.2475991649269311,0.3658536585365854,0
336,1,0,0.8820422535211268,0.8,0.9672984020810108,1.0,0.6388308977035491,0.6585365853658538,0
248,0,0,0.5,0.4727272727272728,0.707172054998142,0.595505617977528,0.4025052192066806,0.024390243902439,1
584,0,0,0.0721830985915493,0.0818181818181818,0.0999628390932738,0.0,0.0062630480167014,0.6097560975609757,0
622,0,0,0.0598591549295774,0.0727272727272727,0.0182088442958008,0.0561797752808988,0.0718162839248434,0.9268292682926832,1
204,0,0,0.0686619718309859,0.0545454545454545,0.0598290598290598,0.0674157303370786,0.0183716075156576,0.2195121951219512,1
197,1,0,0.3257042253521127,0.3090909090909091,0.4106280193236715,0.348314606741573,0.3711899791231733,0.7073170731707319,1
683,3,0,0.2816901408450704,0.409090909090909,0.5261984392419176,0.5393258426966292,0.2977035490605428,0.5853658536585367,1
328,1,0,0.0316901408450704,0.0909090909090909,0.1010776662950576,0.0898876404494382,0.0104384133611691,0.1463414634146342,0
400,1,0,0.0334507042253521,0.0454545454545454,0.0999628390932738,0.0,0.0421711899791231,0.2682926829268293,1
94,4,1,0.1830985915492958,0.1363636363636363,0.3058342623560015,0.1573033707865168,0.1106471816283924,0.4146341463414634,1
576,2,0,0.1126760563380281,0.2272727272727272,0.1129691564474173,0.2247191011235955,0.1436325678496868,0.7560975609756098,1
295,2,0,0.9683098591549296,0.6818181818181818,0.8762541806020067,0.8651685393258426,0.7068893528183716,0.8292682926829269,1
266,3,0,0.9383802816901408,0.6727272727272727,0.9464882943143812,0.8426966292134832,0.5870563674321504,0.1707317073170731,1
376,1,0,0.0246478873239436,0.009090909090909,0.0850984764028242,0.0786516853932584,0.0542797494780793,0.1951219512195122,1
185,3,0,0.9982394366197184,0.8545454545454546,0.9966555183946488,0.9101123595505618,0.6104384133611691,0.3902439024390244,0
685,0,0,0.3309859154929577,0.2727272727272727,0.3415087328130806,0.4157303370786516,0.3006263048016702,0.1707317073170731,1
514,1,0,0.1408450704225352,0.2181818181818181,0.2500929022668153,0.2359550561797752,0.1691022964509394,0.951219512195122,0
154,1,0,0.5264084507042254,0.5909090909090909,0.7339279078409513,0.696629213483146,0.4521920668058455,0.2195121951219512,0
76,3,0,0.3503521126760563,0.4272727272727272,0.3727238944630249,0.3707865168539325,0.3686847599164927,0.1219512195121951,0
333,1,0,0.2834507042253521,0.4545454545454545,0.5425492382014121,0.3932584269662921,0.3348643006263048,0.878048780487805,1
69,4,1,0.8556338028169014,0.8363636363636363,0.9773318468970644,0.9887640449438202,0.6033402922755742,0.3170731707317073,1
617,1,0,0.454225352112676,0.4,0.4362690449646971,0.4382022471910112,0.2776617954070981,0.4390243902439024,0
189,4,1,0.176056338028169,0.0909090909090909,0.1114827201783723,0.1235955056179775,0.2033402922755741,0.2926829268292683,0
237,2,0,0.8697183098591549,0.7181818181818183,0.835005574136009,0.8764044943820224,0.679749478079332,0.048780487804878,0
89,3,0,0.1883802816901408,0.209090909090909,0.1995540691192865,0.2359550561797752,0.1027139874739039,0.3902439024390244,0
592,0,0,0.9683098591549296,0.9545454545454544,0.9160163507989596,0.8314606741573034,0.9348643006263048,0.4390243902439024,0
118,4,1,0.3345070422535211,0.3818181818181818,0.4938684503901895,0.4382022471910112,0.3369519832985386,0.2195121951219512,0
126,2,0,0.8890845070422535,0.9818181818181818,0.9498327759197324,1.0,0.9503131524008352,0.7804878048780488,1
573,1,0,0.3186619718309859,0.4454545454545454,0.5406911928651059,0.3595505617977528,0.3181628392484342,0.9268292682926832,0
239,1,0,0.0598591549295774,0.0636363636363636,0.1051653660349312,0.0337078651685393,0.0020876826722338,0.853658536585366,1
1,0,0,0.6390845070422535,0.4909090909090909,0.5834262356001486,0.6404494382022472,0.4258872651356994,0.5365853658536586,1
693,3,0,0.6126760563380281,0.5181818181818182,0.5930880713489409,0.7640449438202246,0.5649269311064719,0.7317073170731709,0
532,1,0,0.5440140845070423,0.6272727272727273,0.6261612783351914,0.6292134831460674,0.4546972860125261,0.7073170731707319,1
478,4,1,0.4014084507042254,0.2909090909090909,0.3764399851356373,0.3820224719101123,0.2755741127348643,1.0,0
610,4,1,0.9172535211267604,0.6818181818181818,0.975473801560758,0.9213483146067414,0.7511482254697287,0.8048780487804879,1
279,3,0,0.0968309859154929,0.0545454545454545,0.0427350427350427,0.0224719101123595,0.0083507306889352,0.7073170731707319,1
117,4,1,0.079225352112676,0.0181818181818181,0.0397621701969528,0.0337078651685393,0.0747390396659707,0.0,1
229,2,0,0.1795774647887323,0.2545454545454545,0.1289483463396507,0.1685393258426966,0.1110647181628392,0.5609756097560976,1
699,2,0,0.056338028169014,0.0636363636363636,0.0479375696767001,0.0337078651685393,0.0509394572025052,0.6341463414634148,1
320,0,0,0.8415492957746479,0.9363636363636364,0.8502415458937198,0.797752808988764,0.993319415448852,0.8048780487804879,1
275,4,1,0.1619718309859155,0.1454545454545454,0.1252322556670382,0.3033707865168539,0.1945720250521921,0.4146341463414634,1
494,1,0,0.5264084507042254,0.5272727272727272,0.5908584169453734,0.6629213483146068,0.5348643006263049,0.1219512195121951,1
145,4,1,0.8697183098591549,0.9272727272727272,0.7859531772575251,0.898876404494382,0.8212943632567851,0.2682926829268293,0
383,1,0,0.0950704225352112,0.0454545454545454,0.0263842437755481,0.1011235955056179,0.0822546972860125,0.4634146341463415,0
427,1,0,0.1197183098591549,0.1272727272727272,0.1653660349312523,0.2921348314606741,0.125678496868476,0.6341463414634148,0
633,4,1,0.8204225352112676,0.8363636363636363,0.8491267186919361,0.8314606741573034,0.7594989561586639,0.9268292682926832,0
502,3,0,0.6866197183098591,0.6090909090909091,0.6373095503530286,0.7191011235955056,0.4530271398747391,0.1463414634146342,0
269,2,0,0.3133802816901408,0.3363636363636364,0.4979561501300632,0.3932584269662921,0.3169102296450939,0.902439024390244,1
466,1,0,0.4137323943661972,0.3454545454545454,0.5455221107395021,0.4606741573033707,0.2592901878914405,0.902439024390244,0
47,1,0,0.9295774647887324,0.6727272727272727,0.7971014492753623,0.9775280898876404,0.622964509394572,0.0975609756097561,0
262,4,1,0.5352112676056338,0.509090909090909,0.7774061687105166,0.651685393258427,0.4697286012526096,0.6829268292682928,0
196,0,0,0.3028169014084507,0.3363636363636364,0.4496469713861019,0.4382022471910112,0.2325678496868476,0.6585365853658538,0
700,1,0,0.3204225352112676,0.4,0.3730955035302861,0.4382022471910112,0.3031315240083507,0.1219512195121951,0
585,1,0,0.0757042253521126,0.0272727272727272,0.0876997398736529,0.1011235955056179,0.0304801670146137,0.2926829268292683,0
108,0,0,0.0422535211267605,0.0363636363636363,0.0375325157933853,0.0786516853932584,0.0734864300626304,0.1219512195121951,0
463,2,0,0.3274647887323944,0.4454545454545454,0.5525826830174656,0.49438202247191,0.3695198329853862,0.902439024390244,1
522,0,0,0.0686619718309859,0.009090909090909,0.0865849126718692,0.0786516853932584,0.0617954070981211,0.1707317073170731,1
533,4,1,0.7059859154929577,0.4909090909090909,0.7075436640654033,0.6292134831460674,0.4584551148225469,0.1219512195121951,0
101,0,0,0.0193661971830985,0.009090909090909,0.0323299888517279,0.0561797752808988,0.0141962421711899,0.853658536585366,1
351,2,0,0.7623239436619718,0.5363636363636364,0.6722408026755853,0.7078651685393258,0.5682672233820459,0.878048780487805,1
626,1,0,0.0440140845070422,0.0727272727272727,0.0096618357487922,0.0224719101123595,0.0392484342379958,0.3170731707317073,0
334,0,0,0.7588028169014084,0.5909090909090909,0.6313638052768488,0.6629213483146068,0.5102296450939457,0.3902439024390244,0
180,4,1,0.8961267605633803,0.9909090909090909,0.9479747305834262,0.8202247191011236,0.7954070981210857,0.902439024390244,1
305,4,1,0.2200704225352113,0.1727272727272727,0.3028613898179115,0.1348314606741573,0.0918580375782881,0.024390243902439,0
350,2,0,0.4806338028169014,0.5818181818181818,0.7476774433296173,0.6292134831460674,0.5365344467640919,0.3902439024390244,1
150,0,0,0.2095070422535211,0.2454545454545454,0.2121887774061687,0.2696629213483146,0.1490605427974948,0.8048780487804879,1
125,0,0,0.346830985915493,0.3727272727272727,0.5202526941657376,0.5280898876404494,0.2555323590814196,0.073170731707317,1
553,4,1,0.2517605633802817,0.2545454545454545,0.112597547380156,0.146067415730337,0.2008350730688935,0.3414634146341463,1
607,1,0,0.9683098591549296,0.8545454545454546,0.8153102935711631,0.797752808988764,0.9766179540709812,0.4634146341463415,0
186,0,0,0.823943661971831,0.8818181818181817,0.9052396878483836,0.943820224719101,0.7903966597077244,0.5853658536585367,1
429,3,0,0.1126760563380281,0.1181818181818181,0.2716462281679673,0.2584269662921348,0.111482254697286,0.9756097560975612,1
507,3,0,0.3661971830985915,0.3727272727272727,0.4109996283909327,0.3932584269662921,0.3503131524008351,0.2195121951219512,1
691,0,0,0.2904929577464789,0.4272727272727272,0.4254923820141211,0.4269662921348314,0.2409185803757829,0.2926829268292683,1
345,4,1,0.397887323943662,0.4363636363636363,0.3742103307320699,0.4719101123595505,0.3081419624217119,0.6097560975609757,1
646,3,0,0.2535211267605634,0.1727272727272727,0.3325901151988109,0.146067415730337,0.1014613778705637,0.048780487804878,0
143,4,1,0.221830985915493,0.1090909090909091,0.2207357859531772,0.3033707865168539,0.1365344467640918,0.951219512195122,0
142,0,0,0.7359154929577465,0.4818181818181818,0.6473429951690821,0.6853932584269662,0.5156576200417536,0.8048780487804879,1
394,4,1,0.5299295774647887,0.5818181818181818,0.6789297658862876,0.6292134831460674,0.5665970772442589,0.853658536585366,1
321,4,1,0.346830985915493,0.3090909090909091,0.3615756224451876,0.5168539325842696,0.368267223382046,0.0975609756097561,0
20,4,1,0.9630281690140844,0.6818181818181818,0.9186176142697884,0.8876404494382022,0.872651356993737,0.2682926829268293,0
173,1,0,0.2165492957746479,0.1636363636363636,0.2352285395763656,0.1685393258426966,0.1987473903966597,0.4634146341463415,0
663,3,0,0.176056338028169,0.2,0.3296172426607209,0.3033707865168539,0.1444676409185804,0.6585365853658538,1
313,0,0,0.1795774647887323,0.1727272727272727,0.2794500185804534,0.247191011235955,0.1924843423799582,0.048780487804878,1
652,4,1,0.0686619718309859,0.0636363636363636,0.0806391675956893,0.0,0.0271398747390396,0.8048780487804879,0
13,1,0,0.7605633802816901,0.4727272727272728,0.7435897435897436,0.6179775280898876,0.4162839248434238,0.951219512195122,0
306,1,0,0.1338028169014084,0.1636363636363636,0.1426978818283166,0.247191011235955,0.2054279749478079,0.2195121951219512,1
26,2,0,0.1073943661971831,0.2181818181818181,0.2865105908584169,0.3146067415730337,0.1457202505219207,0.8292682926829269,1
520,1,0,0.1566901408450704,0.1090909090909091,0.305091044221479,0.1348314606741573,0.1123173277661795,0.8048780487804879,1
170,0,0,0.9806338028169016,0.9818181818181818,0.7911557041991825,0.898876404494382,0.7482254697286013,0.7073170731707319,1
481,4,1,0.2200704225352113,0.1272727272727272,0.2422891118543292,0.3258426966292134,0.141544885177453,0.8048780487804879,1
412,3,0,0.959507042253521,0.6545454545454544,0.972129319955407,0.8764044943820224,0.7624217118997912,0.7804878048780488,1
246,2,0,0.3028169014084507,0.3636363636363636,0.460795243403939,0.3932584269662921,0.309812108559499,0.2682926829268293,1
299,4,1,0.4119718309859155,0.3818181818181818,0.4975845410628019,0.3820224719101123,0.2822546972860125,0.6341463414634148,1
435,4,1,0.9700704225352113,0.6727272727272727,0.8506131549609811,1.0,0.9194154488517746,0.9756097560975612,1
273,0,0,0.1320422535211267,0.1090909090909091,0.2601263470828688,0.2134831460674157,0.1465553235908142,0.3170731707317073,0
155,3,0,0.0669014084507042,0.0454545454545454,0.0230397621701969,0.0,0.0,0.3170731707317073,0
127,4,1,0.5316901408450704,0.5818181818181818,0.6863619472315124,0.651685393258427,0.5089770354906055,0.048780487804878,0
540,1,0,0.9894366197183098,0.7636363636363637,0.9531772575250836,0.9550561797752808,0.6676409185803758,0.2195121951219512,0
342,4,1,0.9982394366197184,0.8454545454545456,0.8978075065031587,0.898876404494382,0.7352818371607516,0.1951219512195122,0
288,3,0,0.3186619718309859,0.2727272727272727,0.4522482348569305,0.49438202247191,0.2960334029227557,0.2682926829268293,0
114,2,0,0.1866197183098591,0.2,0.1917502787068004,0.2584269662921348,0.1260960334029227,0.5853658536585367,1
368,1,0,1.0,0.9272727272727272,0.9565217391304348,0.8426966292134832,0.9916492693110648,0.9756097560975612,0
174,4,1,0.5950704225352113,0.509090909090909,0.5629877369007804,0.696629213483146,0.5444676409185805,0.2195121951219512,0
356,2,0,0.0,0.0818181818181818,0.1010776662950576,0.1011235955056179,0.0772442588726513,0.6585365853658538,1
58,1,0,0.8961267605633803,0.6727272727272727,0.9267930137495356,0.8876404494382022,0.9657620041753656,0.1951219512195122,1
444,4,1,0.3538732394366197,0.2727272727272727,0.5061315496098104,0.4269662921348314,0.2597077244258873,0.2682926829268293,0
223,3,0,0.5651408450704225,0.4636363636363636,0.6090672612411743,0.7752808988764044,0.4960334029227558,0.073170731707317,0
281,2,0,0.0757042253521126,0.0636363636363636,0.0375325157933853,0.0224719101123595,0.0254697286012526,0.8048780487804879,1
18,4,1,0.4735915492957747,0.4363636363636363,0.4195466369379412,0.348314606741573,0.3686847599164927,0.6341463414634148,0
406,0,0,0.7887323943661971,0.5727272727272728,0.7573392790784095,0.6629213483146068,0.3820459290187892,0.6097560975609757,0
323,0,0,0.5580985915492958,0.4818181818181818,0.6313638052768488,0.5730337078651686,0.5653444676409186,0.073170731707317,0
256,1,0,0.6461267605633803,0.5454545454545454,0.7617985878855444,0.752808988764045,0.4171189979123174,0.6829268292682928,0
418,2,0,0.954225352112676,0.9727272727272726,0.8743961352657005,0.9101123595505618,0.993319415448852,0.951219512195122,0
671,4,1,0.0897887323943662,0.0545454545454545,0.0315867707172055,0.0337078651685393,0.0509394572025052,0.7317073170731709,1
191,4,1,0.1830985915492958,0.1090909090909091,0.2285395763656633,0.146067415730337,0.1340292275574112,0.1219512195121951,1
440,0,0,0.1637323943661972,0.2636363636363636,0.2277963582311408,0.3258426966292134,0.1528183716075156,0.0,1
618,0,0,0.3433098591549296,0.4181818181818181,0.4035674470457079,0.5056179775280898,0.3603340292275574,0.4390243902439024,0
680,4,1,0.005281690140845,0.0727272727272727,0.0118914901523597,0.0674157303370786,0.0045929018789144,0.4390243902439024,0
95,2,0,0.6707746478873239,0.5909090909090909,0.6937941285767373,0.696629213483146,0.4096033402922756,0.9756097560975612,1
181,1,0,0.2130281690140845,0.1272727272727272,0.3054626532887402,0.3146067415730337,0.1958246346555323,0.3658536585365854,1
302,4,1,0.4172535211267605,0.3090909090909091,0.4470457079152731,0.550561797752809,0.362839248434238,0.4878048780487805,0
643,0,0,0.8309859154929577,0.6545454545454544,0.8528428093645485,0.898876404494382,0.6058455114822547,0.2195121951219512,1
513,2,0,0.0105633802816901,0.0545454545454545,0.0520252694165737,0.0786516853932584,0.0613778705636743,0.3902439024390244,1
644,1,0,0.1320422535211267,0.209090909090909,0.1564474173169825,0.2808988764044943,0.1937369519832985,0.6829268292682928,1
452,1,0,0.9876760563380282,0.9818181818181818,0.9851356373095504,0.9213483146067414,0.7519832985386222,0.8292682926829269,1
430,3,0,0.897887323943662,0.8272727272727273,0.9123002601263472,0.898876404494382,0.8676409185803758,0.4634146341463415,1
6,0,0,0.1214788732394366,0.0909090909090909,0.2370865849126718,0.2808988764044943,0.192901878914405,0.3170731707317073,1
687,0,0,0.5369718309859155,0.6090909090909091,0.6447417316982534,0.651685393258427,0.3778705636743215,0.0,1
46,3,0,0.8309859154929577,0.9,0.8078781122259383,0.9662921348314606,0.7653444676409187,0.5121951219512195,1
399,1,0,0.0193661971830985,0.0545454545454545,0.007803790412486,0.0898876404494382,0.0496868475991649,0.6097560975609757,0
527,0,0,0.1214788732394366,0.1272727272727272,0.1438127090301003,0.2921348314606741,0.090187891440501,0.2682926829268293,0
172,0,0,0.028169014084507,0.009090909090909,0.0687476774433296,0.0786516853932584,0.0442588726513569,0.1219512195121951,1
17,1,0,0.1795774647887323,0.2363636363636363,0.1211445559271646,0.247191011235955,0.1010438413361169,0.7073170731707319,0
49,0,0,0.9683098591549296,0.6545454545454544,0.8625046451133408,0.898876404494382,0.9018789144050104,0.7560975609756098,1
677,1,0,0.1954225352112676,0.2545454545454545,0.1438127090301003,0.3146067415730337,0.1979123173277662,0.3902439024390244,1
641,2,0,0.0580985915492957,0.0727272727272727,0.0070605722779635,0.0112359550561797,0.0705636743215031,0.5853658536585367,1
4,0,0,0.3679577464788732,0.3454545454545454,0.5105908584169454,0.5168539325842696,0.3210855949895616,0.048780487804878,1
450,0,0,0.0070422535211267,0.0181818181818181,0.0802675585284281,0.0,0.0283924843423799,0.048780487804878,0
413,1,0,0.3996478873239437,0.3727272727272727,0.5165366034931252,0.4044943820224718,0.2784968684759917,0.8292682926829269,0
317,1,0,0.4735915492957747,0.3,0.5332590115198811,0.3707865168539325,0.3553235908141963,0.5853658536585367,0
645,0,0,0.2746478873239437,0.3454545454545454,0.4429580081753994,0.4831460674157303,0.3536534446764092,0.048780487804878,0
284,0,0,0.0334507042253521,0.0272727272727272,0.0891861761426979,0.0674157303370786,0.0279749478079332,0.878048780487805,0
504,0,0,0.2992957746478873,0.4363636363636363,0.3675213675213675,0.449438202247191,0.3603340292275574,0.8292682926829269,1
286,1,0,0.8873239436619718,0.890909090909091,0.9301374953548868,0.898876404494382,0.5995824634655533,0.4634146341463415,1
679,0,0,0.4718309859154929,0.3272727272727272,0.4544778892604979,0.550561797752809,0.297286012526096,0.4390243902439024,0
226,3,0,0.8468309859154929,0.890909090909091,0.8955778520995913,0.9775280898876404,0.975365344467641,1.0,0
27,4,1,0.7288732394366197,0.6,0.7692307692307693,0.752808988764045,0.3757828810020877,0.2682926829268293,1
549,0,0,0.6214788732394366,0.509090909090909,0.6885916016350799,0.7191011235955056,0.5252609603340292,0.6585365853658538,1
264,2,0,0.0704225352112676,0.0636363636363636,0.0211817168338907,0.0,0.0029227557411273,0.951219512195122,1
51,3,0,0.7429577464788732,0.5818181818181818,0.6978818283166109,0.5730337078651686,0.5490605427974948,0.878048780487805,0
365,3,0,0.9665492957746478,0.6909090909090909,0.8312894834633965,0.8314606741573034,0.7653444676409187,0.3902439024390244,1
230,2,0,0.5809859154929577,0.5727272727272728,0.6109253065774805,0.7752808988764044,0.4434237995824635,0.7804878048780488,1
38,2,0,0.8661971830985915,0.9272727272727272,0.9312523225566705,0.9325842696629212,0.9294363256784968,0.1463414634146342,1
158,3,0,0.5440140845070423,0.6181818181818182,0.6688963210702341,0.6853932584269662,0.4008350730688935,0.8048780487804879,1
238,1,0,0.6954225352112676,0.5363636363636364,0.6837606837606838,0.6292134831460674,0.4292275574112735,0.024390243902439,0
672,0,0,0.7711267605633803,0.5727272727272728,0.6075808249721293,0.6067415730337078,0.4622129436325679,0.0975609756097561,1
375,1,0,0.0686619718309859,0.0272727272727272,0.0490523968784838,0.0224719101123595,0.0258872651356993,0.5853658536585367,1
371,4,1,0.9295774647887324,0.8,0.9152731326644372,0.8202247191011236,0.6037578288100209,0.1707317073170731,0
176,0,0,0.4383802816901408,0.3818181818181818,0.5046451133407656,0.4157303370786516,0.2200417536534447,0.7804878048780488,0
604,1,0,0.1901408450704225,0.1,0.1330360460795243,0.1348314606741573,0.134446764091858,0.5609756097560976,0
482,2,0,0.8767605633802816,0.8545454545454546,0.8974358974358975,0.8651685393258426,0.8509394572025053,0.3902439024390244,1
515,2,0,0.7676056338028169,0.5545454545454545,0.6250464511334076,0.7078651685393258,0.5674321503131524,0.878048780487805,1
195,2,0,0.7799295774647887,0.4909090909090909,0.6714975845410628,0.7752808988764044,0.5002087682672234,0.1219512195121951,0
595,3,0,0.7341549295774648,0.4818181818181818,0.6157562244518766,0.595505617977528,0.5590814196242172,0.7317073170731709,1
603,1,0,0.1619718309859155,0.1818181818181818,0.2303976217019695,0.247191011235955,0.113152400835073,0.6097560975609757,1
426,2,0,0.176056338028169,0.1636363636363636,0.2824228911185433,0.1573033707865168,0.1991649269311065,0.4634146341463415,1
446,2,0,0.6126760563380281,0.5636363636363636,0.5785953177257526,0.5730337078651686,0.5077244258872652,0.9756097560975612,1
449,2,0,0.2147887323943662,0.1818181818181818,0.1170568561872909,0.1348314606741573,0.0851774530271398,0.0975609756097561,0
676,3,0,0.0897887323943662,0.0454545454545454,0.0903010033444816,0.0786516853932584,0.0237995824634655,0.5365853658536586,1
582,2,0,0.2077464788732394,0.1545454545454545,0.1200297287253809,0.2696629213483146,0.1311064718162839,0.2195121951219512,1
653,3,0,0.3098591549295775,0.3818181818181818,0.4942400594574507,0.4157303370786516,0.2471816283924843,0.2926829268292683,1
68,3,0,0.1830985915492958,0.2727272727272727,0.1750278706800446,0.2808988764044943,0.1448851774530271,0.2439024390243903,0
536,2,0,0.1919014084507042,0.209090909090909,0.2359717577108881,0.1573033707865168,0.1966597077244259,0.1707317073170731,0
169,0,0,0.3433098591549296,0.4,0.3968784838350055,0.3820224719101123,0.2876826722338205,0.902439024390244,0
448,2,0,0.3591549295774648,0.3818181818181818,0.483835005574136,0.5393258426966292,0.3411273486430063,0.9756097560975612,1
163,0,0,0.7253521126760563,0.6090909090909091,0.6558900037160906,0.6629213483146068,0.5586638830897704,0.6585365853658538,1
310,1,0,0.6461267605633803,0.5272727272727272,0.6410256410256411,0.6292134831460674,0.4446764091858038,0.5365853658536586,1
194,4,1,0.4084507042253521,0.2818181818181817,0.3660349312523225,0.4719101123595505,0.3736951983298539,0.4390243902439024,1
480,2,0,0.2799295774647887,0.3454545454545454,0.5124489037532516,0.550561797752809,0.2893528183716075,0.951219512195122,1
366,1,0,0.6197183098591549,0.5636363636363636,0.6179858788554441,0.6404494382022472,0.5173277661795408,0.0975609756097561,1
384,1,0,0.130281690140845,0.1727272727272727,0.1304347826086956,0.2808988764044943,0.0918580375782881,0.2926829268292683,1
631,0,0,0.1126760563380281,0.1909090909090909,0.2883686361947231,0.3146067415730337,0.1615866388308977,0.1707317073170731,1
498,4,1,0.1267605633802817,0.1727272727272727,0.2289111854329245,0.3033707865168539,0.1085594989561586,0.048780487804878,0
153,0,0,0.1584507042253521,0.0909090909090909,0.1631363805276848,0.3146067415730337,0.1227557411273486,0.9268292682926832,0
599,2,0,0.147887323943662,0.1818181818181818,0.3080639167595689,0.2359550561797752,0.2062630480167014,0.2439024390243903,1
605,1,0,0.2676056338028169,0.3909090909090909,0.3626904496469714,0.3595505617977528,0.3269311064718163,0.878048780487805,0
227,3,0,0.6232394366197183,0.5454545454545454,0.6997398736529171,0.696629213483146,0.5319415448851775,1.0,1
458,1,0,0.3591549295774648,0.3363636363636364,0.5221107395020439,0.5056179775280898,0.3210855949895616,0.6829268292682928,1
559,0,0,0.5827464788732394,0.6,0.6447417316982534,0.6179775280898876,0.398329853862213,0.902439024390244,1
104,3,0,0.4295774647887324,0.2909090909090909,0.5496098104793757,0.4719101123595505,0.3473903966597078,0.2439024390243903,1
422,4,1,0.2429577464788732,0.2,0.1538461538461538,0.3146067415730337,0.1302713987473904,0.6097560975609757,1
616,0,0,0.1566901408450704,0.2454545454545454,0.1137123745819398,0.2921348314606741,0.1498956158663883,0.8292682926829269,1
529,0,0,0.2552816901408451,0.1818181818181818,0.1854329245633593,0.247191011235955,0.0985386221294363,0.1463414634146342,1
75,4,1,0.0299295774647887,0.0909090909090909,0.0646599777034559,0.0449438202247191,0.0096033402922755,0.5121951219512195,1
116,4,1,0.1602112676056338,0.2,0.1296915644741731,0.2696629213483146,0.2062630480167014,0.5121951219512195,1
408,1,0,0.6426056338028169,0.5727272727272728,0.7391304347826088,0.5730337078651686,0.3954070981210856,0.902439024390244,0
675,3,0,0.8661971830985915,0.9454545454545454,0.9193608324043108,0.9325842696629212,0.6956158663883091,0.2195121951219512,0
120,0,0,0.1179577464788732,0.1545454545454545,0.2660720921590487,0.3033707865168539,0.1361169102296451,0.5609756097560976,1
54,3,0,0.1179577464788732,0.1090909090909091,0.2969156447417317,0.3146067415730337,0.1139874739039666,0.853658536585366,1
152,2,0,0.0211267605633802,0.0545454545454545,0.0048309178743961,0.1011235955056179,0.0438413361169102,0.8292682926829269,0
404,2,0,0.943661971830986,0.6909090909090909,0.852099591230026,0.8876404494382022,0.6492693110647182,0.8048780487804879,0
660,3,0,0.8362676056338028,0.7818181818181817,0.8034188034188035,0.9101123595505618,0.9490605427974949,0.4146341463414634,1
208,0,0,0.2341549295774648,0.1909090909090909,0.1181716833890747,0.1235955056179775,0.1323590814196242,0.1219512195121951,1
689,0,0,0.4066901408450704,0.3545454545454546,0.4782608695652174,0.5168539325842696,0.3014613778705637,0.8292682926829269,0
489,3,0,0.6795774647887324,0.5727272727272728,0.5871423262727611,0.5842696629213482,0.5139874739039666,0.3414634146341463,0
469,3,0,0.7024647887323944,0.5909090909090909,0.6016350798959494,0.5730337078651686,0.4175365344467641,0.6829268292682928,1
539,0,0,0.9612676056338028,0.7727272727272727,0.8680787811222594,0.9887640449438202,0.909812108559499,0.4878048780487805,0
9,2,0,0.5457746478873239,0.6090909090909091,0.6822742474916388,0.7303370786516854,0.3970772442588727,0.5853658536585367,0
648,4,1,0.0633802816901408,0.0454545454545454,0.0977331846897064,0.0786516853932584,0.0755741127348643,0.5853658536585367,0
37,4,1,0.1619718309859155,0.209090909090909,0.1683389074693422,0.2247191011235955,0.1966597077244259,0.1951219512195122,1
453,2,0,0.1584507042253521,0.209090909090909,0.1605351170568562,0.2808988764044943,0.2008350730688935,0.1951219512195122,1
140,0,0,0.8556338028169014,0.918181818181818,0.79041248606466,0.9101123595505618,0.7073068893528184,0.853658536585366,1
254,3,0,0.1232394366197183,0.1272727272727272,0.2526941657376439,0.2359550561797752,0.1569937369519833,0.7317073170731709,0
304,4,1,0.8996478873239436,0.9454545454545454,0.7956150130063173,0.8876404494382022,0.7603340292275574,0.3902439024390244,0
634,1,0,0.1901408450704225,0.2,0.3121516164994425,0.2359550561797752,0.1102296450939457,0.2682926829268293,0
528,4,1,0.0246478873239436,0.0181818181818181,0.0609438870308435,0.0,0.0121085594989561,0.951219512195122,0
369,1,0,0.1267605633802817,0.2636363636363636,0.1653660349312523,0.2921348314606741,0.1277661795407098,0.7560975609756098,0
60,4,1,0.5193661971830985,0.5545454545454545,0.7309550353028614,0.6067415730337078,0.3970772442588727,0.9268292682926832,1
112,3,0,0.806338028169014,0.6909090909090909,0.7971014492753623,0.8314606741573034,0.9361169102296452,0.024390243902439,1
491,0,0,0.6795774647887324,0.4636363636363636,0.7346711259754738,0.6853932584269662,0.4150313152400835,0.7073170731707319,1
661,0,0,0.0352112676056338,0.0454545454545454,0.0315867707172055,0.0224719101123595,0.0183716075156576,1.0,1
495,2,0,0.1355633802816901,0.1363636363636363,0.3247863247863248,0.1573033707865168,0.1849686847599165,0.2682926829268293,0
263,4,1,0.8591549295774648,0.7818181818181817,0.9855072463768116,0.9325842696629212,0.8446764091858038,0.3902439024390244,0
588,2,0,0.5246478873239436,0.4636363636363636,0.6217019695280565,0.696629213483146,0.4171189979123174,0.1463414634146342,1
298,4,1,0.2464788732394366,0.1545454545454545,0.1869193608324043,0.1797752808988764,0.1010438413361169,0.853658536585366,0
415,0,0,0.1514084507042253,0.0909090909090909,0.3229282794500185,0.1348314606741573,0.1966597077244259,0.3658536585365854,0
151,4,1,0.8679577464788732,0.7636363636363637,0.8476402824228911,0.9213483146067414,0.6000000000000001,0.073170731707317,1
434,1,0,0.028169014084507,0.0909090909090909,0.0026012634708286,0.0561797752808988,0.0058455114822546,0.5853658536585367,1
555,4,1,0.6285211267605634,0.509090909090909,0.6934225195094761,0.5730337078651686,0.4776617954070982,0.024390243902439,0
441,0,0,0.4049295774647887,0.4272727272727272,0.5287997027127462,0.5168539325842696,0.3415448851774531,0.4390243902439024,0
666,4,1,0.295774647887324,0.4,0.4615384615384615,0.4831460674157303,0.2225469728601252,0.853658536585366,1
267,4,1,0.2658450704225352,0.2818181818181817,0.4853214418431809,0.3707865168539325,0.2713987473903967,0.0975609756097561,0
609,3,0,0.4014084507042254,0.3545454545454546,0.4808621330360461,0.5168539325842696,0.348643006263048,0.5365853658536586,0
360,2,0,0.352112676056338,0.3272727272727272,0.3801560758082497,0.5056179775280898,0.3102296450939457,0.878048780487805,0
621,4,1,0.3309859154929577,0.3636363636363636,0.4358974358974359,0.4044943820224718,0.3632567849686848,1.0,0
39,1,0,0.7799295774647887,0.4909090909090909,0.7469342251950948,0.7191011235955056,0.5419624217118998,0.5365853658536586,1
128,0,0,0.3908450704225352,0.2909090909090909,0.4225195094760312,0.3932584269662921,0.2359081419624217,0.7804878048780488,0
424,3,0,0.028169014084507,0.009090909090909,0.0869565217391304,0.0898876404494382,0.0271398747390396,0.2439024390243903,0
417,3,0,0.4119718309859155,0.3727272727272727,0.36826458565589,0.4719101123595505,0.2651356993736952,0.2195121951219512,0
308,1,0,0.6690140845070423,0.5909090909090909,0.696395392047566,0.651685393258427,0.463883089770355,0.6585365853658538,0
199,1,0,0.0880281690140845,0.0545454545454545,0.0917874396135265,0.0449438202247191,0.0396659707724426,0.024390243902439,1
352,0,0,0.0528169014084507,0.0454545454545454,0.1081382385730212,0.0449438202247191,0.0747390396659707,0.4146341463414634,0
496,0,0,0.8151408450704225,0.9,0.9758454106280192,0.8764044943820224,0.8409185803757829,0.951219512195122,1
147,2,0,0.727112676056338,0.5818181818181818,0.7383872166480863,0.7078651685393258,0.38580375782881,0.3658536585365854,1
451,2,0,0.2623239436619718,0.2272727272727272,0.3017465626161278,0.2247191011235955,0.1519832985386221,0.9268292682926832,1
649,4,1,0.6320422535211268,0.4818181818181818,0.7402452619843924,0.7415730337078652,0.5144050104384134,0.853658536585366,1
524,2,0,0.8380281690140845,0.9272727272727272,0.8625046451133408,0.9887640449438202,0.9845511482254696,0.7317073170731709,1
420,4,1,0.0933098591549295,0.0363636363636363,0.0564845782237086,0.0112359550561797,0.0526096033402922,0.6829268292682928,1
443,0,0,0.0633802816901408,0.009090909090909,0.0754366406540319,0.0786516853932584,0.0484342379958246,0.3658536585365854,1
623,3,0,0.7447183098591549,0.5818181818181818,0.7658862876254181,0.6179775280898876,0.3941544885177453,0.5609756097560976,0
148,3,0,0.0387323943661971,0.0545454545454545,0.030843552582683,0.1011235955056179,0.0551148225469728,0.1463414634146342,1
548,4,1,0.1919014084507042,0.1454545454545454,0.1322928279450018,0.2584269662921348,0.1068893528183716,0.9756097560975612,0
349,0,0,0.221830985915493,0.2545454545454545,0.20958751393534,0.2696629213483146,0.1703549060542797,0.1951219512195122,1
464,4,1,0.4577464788732394,0.3272727272727272,0.5172798216276477,0.449438202247191,0.2951983298538622,0.1219512195121951,1
326,1,0,0.3045774647887324,0.3,0.4652545522110739,0.49438202247191,0.2237995824634656,0.1707317073170731,0
187,4,1,0.6549295774647887,0.6181818181818182,0.6361947231512449,0.7752808988764044,0.4116910229645094,0.3902439024390244,0
124,0,0,0.8785211267605634,0.6454545454545454,0.885916016350799,0.9662921348314606,0.7607515657620042,0.4146341463414634,1
594,2,0,0.329225352112676,0.2909090909090909,0.4451876625789669,0.3595505617977528,0.2400835073068893,0.1951219512195122,0
97,4,1,0.9154929577464788,0.7727272727272727,0.9713861018208844,0.9101123595505618,0.769937369519833,0.048780487804878,1
144,2,0,0.0669014084507042,0.009090909090909,0.0839836492010405,0.0224719101123595,0.0413361169102296,0.2682926829268293,1
240,4,1,0.9559859154929576,0.890909090909091,0.8952062430323301,0.9662921348314606,0.8417536534446765,0.3658536585365854,0
395,0,0,0.9841549295774648,0.7454545454545454,0.8773690078037905,0.8314606741573034,0.6981210855949896,0.6585365853658538,0
470,3,0,0.0158450704225352,0.0818181818181818,0.0888145670754366,0.0674157303370786,0.0801670146137787,0.4634146341463415,1
198,1,0,0.2130281690140845,0.2454545454545454,0.3024897807506503,0.247191011235955,0.0910229645093946,0.5609756097560976,0
98,1,0,0.8556338028169014,1.0,0.7818654775176515,0.8089887640449438,0.7791231732776619,0.2439024390243903,0
372,0,0,0.9348591549295776,0.8727272727272727,0.8342623560014865,0.8539325842696628,0.718580375782881,0.0975609756097561,1
325,4,1,0.7306338028169014,0.5909090909090909,0.6335934596804162,0.7640449438202246,0.4229645093945721,0.1219512195121951,1
280,2,0,0.6707746478873239,0.6181818181818182,0.6417688591601636,0.7303370786516854,0.4317327766179541,0.3658536585365854,0
294,3,0,0.3450704225352113,0.3181818181818182,0.5496098104793757,0.3932584269662921,0.2283924843423799,0.2195121951219512,0
401,3,0,0.8661971830985915,0.918181818181818,0.9360832404310664,0.8539325842696628,0.746972860125261,0.5853658536585367,1
123,0,0,0.9753521126760564,0.8181818181818182,0.832032701597919,1.0,0.955741127348643,0.7560975609756098,0
184,4,1,0.0757042253521126,0.0181818181818181,0.0022296544035674,0.0561797752808988,0.0722338204592902,0.5121951219512195,0
203,3,0,0.102112676056338,0.0272727272727272,0.009290226681531,0.0112359550561797,0.0668058455114822,0.0975609756097561,1
439,1,0,0.1320422535211267,0.1818181818181818,0.1583054626532887,0.1573033707865168,0.1006263048016701,0.8292682926829269,0
247,0,0,0.0721830985915493,0.0454545454545454,0.1070234113712374,0.0786516853932584,0.0647181628392484,0.3658536585365854,1
416,4,1,0.1197183098591549,0.1181818181818181,0.1137123745819398,0.1573033707865168,0.1219206680584551,0.9268292682926832,1
620,2,0,0.4612676056338028,0.2909090909090909,0.4106280193236715,0.49438202247191,0.3194154488517745,1.0,1
130,3,0,0.1179577464788732,0.209090909090909,0.1668524712002972,0.3258426966292134,0.1294363256784969,0.4390243902439024,0
403,4,1,0.6707746478873239,0.5818181818181818,0.6161278335191379,0.6853932584269662,0.4851774530271399,0.5365853658536586,1
551,3,0,0.7482394366197183,0.4727272727272728,0.6250464511334076,0.696629213483146,0.4947807933194155,0.5853658536585367,1
543,0,0,0.3732394366197183,0.4,0.3734671125975474,0.4269662921348314,0.2254697286012526,0.2439024390243903,1
220,3,0,0.125,0.2,0.1118543292456336,0.2022471910112359,0.1315240083507307,0.6097560975609757,1
636,2,0,0.1161971830985915,0.2181818181818181,0.332961724266072,0.3258426966292134,0.1248434237995824,0.7317073170731709,0
531,3,0,0.9841549295774648,0.9818181818181818,0.8647342995169083,0.8539325842696628,0.9924843423799584,0.6097560975609757,0
639,0,0,0.681338028169014,0.4727272727272728,0.6584912671869194,0.595505617977528,0.4313152400835073,0.4146341463414634,0
538,2,0,0.9911971830985916,0.918181818181818,0.8807134894091416,0.8089887640449438,0.9002087682672234,0.3902439024390244,0
387,1,0,0.1197183098591549,0.0909090909090909,0.2315124489037532,0.247191011235955,0.1482254697286012,0.2439024390243903,1
678,2,0,0.1496478873239436,0.2272727272727272,0.1501300631735414,0.1797752808988764,0.1640918580375783,0.8292682926829269,0
510,4,1,0.8133802816901409,0.8181818181818182,0.8216276477146043,0.898876404494382,0.7791231732776619,0.3170731707317073,1
268,1,0,0.9753521126760564,0.7636363636363637,0.9156447417316984,0.8314606741573034,0.8555323590814197,0.3414634146341463,1
442,2,0,0.3397887323943662,0.4272727272727272,0.3690078037904125,0.3820224719101123,0.2709812108559499,0.5121951219512195,1
497,4,1,0.2676056338028169,0.3454545454545454,0.4451876625789669,0.4606741573033707,0.2943632567849687,0.6097560975609757,0
113,0,0,0.4665492957746479,0.3727272727272727,0.4388703084355259,0.3932584269662921,0.2697286012526096,0.2195121951219512,0
233,3,0,0.8926056338028169,0.8181818181818182,0.8985507246376813,0.8202247191011236,0.6935281837160752,0.4146341463414634,1
608,3,0,0.3045774647887324,0.2727272727272727,0.3794128576737272,0.5168539325842696,0.2860125260960334,0.073170731707317,1
374,0,0,0.9330985915492958,0.9363636363636364,0.9829059829059827,0.9550561797752808,0.6517745302713988,0.1707317073170731,0
234,1,0,0.1742957746478873,0.2181818181818181,0.2813080639167595,0.1910112359550561,0.1995824634655532,0.4390243902439024,0
552,2,0,0.2235915492957746,0.1363636363636363,0.3002601263470829,0.2247191011235955,0.113152400835073,0.4634146341463415,0
318,0,0,0.1514084507042253,0.1090909090909091,0.1950947603121516,0.2134831460674157,0.1386221294363257,0.2439024390243903,0
411,2,0,0.829225352112676,0.9818181818181818,0.924563359345968,0.8539325842696628,0.8233820459290189,0.3170731707317073,0
625,2,0,0.0105633802816901,0.0454545454545454,0.0029728725380899,0.0561797752808988,0.0709812108559499,0.6585365853658538,1
359,0,0,0.0774647887323943,0.0909090909090909,0.0237829803047194,0.0337078651685393,0.0630480167014613,0.6341463414634148,0
259,3,0,0.301056338028169,0.2727272727272727,0.5533259011519881,0.449438202247191,0.3390396659707724,0.0,1
283,4,1,0.6267605633802816,0.6090909090909091,0.673355629877369,0.696629213483146,0.4622129436325679,0.8048780487804879,1
377,4,1,0.0616197183098591,0.0636363636363636,0.0698625046451133,0.0786516853932584,0.0083507306889352,0.8048780487804879,0
385,2,0,0.1267605633802817,0.1818181818181818,0.2185061315496098,0.3146067415730337,0.1862212943632568,0.2439024390243903,1
225,1,0,0.1091549295774648,0.1363636363636363,0.1441843180973616,0.2359550561797752,0.1924843423799582,0.2195121951219512,1
665,3,0,0.9242957746478871,0.8454545454545456,0.8420661464139725,0.8202247191011236,0.7937369519832986,0.8292682926829269,1
570,0,0,0.6584507042253521,0.509090909090909,0.6982534373838721,0.752808988764045,0.511482254697286,0.0,1
473,3,0,0.1919014084507042,0.1818181818181818,0.1467855815681902,0.3033707865168539,0.17160751565762,0.1951219512195122,0
348,2,0,0.056338028169014,0.0363636363636363,0.0891861761426979,0.0898876404494382,0.0684759916492693,0.6829268292682928,1
506,2,0,0.5598591549295774,0.509090909090909,0.7788926049795615,0.6292134831460674,0.5482254697286013,0.7560975609756098,0
690,2,0,0.8996478873239436,0.7727272727272727,0.7885544407283538,0.9887640449438202,0.6045929018789145,0.3414634146341463,1
658,3,0,0.4366197183098592,0.3909090909090909,0.3961352657004831,0.5168539325842696,0.3306889352818372,0.5365853658536586,0
630,4,1,0.7588028169014084,0.4818181818181818,0.6265328874024526,0.5842696629213482,0.3766179540709812,0.073170731707317,1
596,1,0,0.8485915492957746,0.8636363636363636,0.8309178743961353,0.8089887640449438,0.6647181628392484,0.5609756097560976,1
557,4,1,0.1971830985915493,0.2272727272727272,0.1200297287253809,0.1685393258426966,0.1118997912317328,0.5365853658536586,0
86,0,0,0.6584507042253521,0.5818181818181818,0.6610925306577481,0.595505617977528,0.5219206680584552,0.6341463414634148,1
243,1,0,0.2323943661971831,0.2272727272727272,0.1705685618729097,0.2921348314606741,0.0985386221294363,0.8048780487804879,1
160,3,0,0.1778169014084507,0.1272727272727272,0.2069862504645113,0.1797752808988764,0.0847599164926931,0.5365853658536586,1
525,2,0,0.426056338028169,0.3818181818181818,0.4043106651802304,0.3932584269662921,0.2881002087682672,0.951219512195122,0
36,2,0,0.0035211267605633,0.0181818181818181,0.103307320698625,0.1011235955056179,0.0212943632567849,0.048780487804878,0
541,4,1,0.9454225352112676,0.8636363636363636,0.9345968041620216,0.8876404494382022,0.8734864300626305,0.8292682926829269,1
171,3,0,0.1091549295774648,0.2454545454545454,0.3054626532887402,0.1910112359550561,0.1762004175365344,0.6341463414634148,1
598,1,0,0.1936619718309859,0.1363636363636363,0.1943515421776291,0.2359550561797752,0.1022964509394572,1.0,1
590,2,0,0.1426056338028169,0.2363636363636363,0.1207729468599034,0.1797752808988764,0.1511482254697286,0.5121951219512195,0
659,3,0,0.7623239436619718,0.5272727272727272,0.7640282422891119,0.651685393258427,0.4734864300626304,0.6097560975609757,0
96,3,0,0.5211267605633803,0.5636363636363636,0.7212931995540691,0.7078651685393258,0.5645093945720251,0.7804878048780488,1
564,4,1,0.028169014084507,0.0545454545454545,0.0512820512820512,0.0,0.0680584551148225,0.3170731707317073,1
241,0,0,0.0264084507042253,0.0636363636363636,0.0,0.0674157303370786,0.037160751565762,0.951219512195122,0
575,3,0,0.8609154929577465,0.9,0.8431809736157563,0.9325842696629212,0.8605427974947808,0.7073170731707319,0
461,2,0,0.8679577464788732,0.7272727272727273,0.8896321070234113,0.9101123595505618,0.6091858037578288,0.048780487804878,0
554,2,0,0.6602112676056338,0.5727272727272728,0.6614641397250093,0.7303370786516854,0.4425887265135699,0.4634146341463415,0
613,3,0,0.920774647887324,0.8363636363636363,0.9695280564845782,0.8089887640449438,0.9766179540709812,0.6341463414634148,1
207,0,0,0.0845070422535211,0.0636363636363636,0.0568561872909699,0.0561797752808988,0.0438413361169102,0.4634146341463415,0
393,2,0,0.2429577464788732,0.2272727272727272,0.2798216276477146,0.2134831460674157,0.0881002087682672,0.878048780487805,1
398,4,1,0.8573943661971831,0.9636363636363636,0.927536231884058,0.898876404494382,0.865553235908142,0.048780487804878,1
591,2,0,0.227112676056338,0.2454545454545454,0.1218877740616871,0.2584269662921348,0.1974947807933194,0.2926829268292683,1
218,1,0,0.9242957746478871,0.7727272727272727,0.9487179487179488,0.9550561797752808,0.6108559498956159,0.1463414634146342,1
5,4,1,0.2764084507042254,0.3,0.3957636566332219,0.5393258426966292,0.369937369519833,0.3170731707317073,0
624,1,0,0.0211267605633802,0.0727272727272727,0.0427350427350427,0.0561797752808988,0.075991649269311,0.073170731707317,1
547,1,0,0.3626760563380282,0.3272727272727272,0.5380899293942772,0.3932584269662921,0.362839248434238,0.073170731707317,0
99,0,0,0.051056338028169,0.0181818181818181,0.0219249349684132,0.0898876404494382,0.0797494780793319,0.1707317073170731,0
574,2,0,0.8926056338028169,0.7363636363636363,0.9498327759197324,0.8539325842696628,0.858455114822547,0.0975609756097561,1
407,3,0,0.2059859154929577,0.2,0.2571534745447789,0.2584269662921348,0.1941544885177453,0.1707317073170731,0
503,3,0,0.971830985915493,0.6727272727272727,0.8777406168710516,0.9101123595505618,0.9983298538622132,0.902439024390244,0
48,2,0,0.1901408450704225,0.2363636363636363,0.2181345224823485,0.1685393258426966,0.0922755741127348,0.2195121951219512,0
33,0,0,0.4366197183098592,0.3363636363636364,0.439241917502787,0.5056179775280898,0.3402922755741128,0.073170731707317,1
201,2,0,0.8186619718309859,0.7181818181818183,0.9728725380899294,0.8314606741573034,0.8977035490605428,0.3170731707317073,0
135,3,0,0.0933098591549295,0.0545454545454545,0.0003716090672612,0.1011235955056179,0.0764091858037578,0.8048780487804879,1
28,0,0,0.8485915492957746,0.8636363636363636,0.7829803047194351,0.8876404494382022,0.6250521920668058,0.3658536585365854,1
694,3,0,0.8362676056338028,0.6909090909090909,0.9253065774804906,0.8089887640449438,0.67098121085595,0.3170731707317073,1
231,4,1,0.227112676056338,0.1181818181818181,0.2902266815310294,0.247191011235955,0.177035490605428,0.4878048780487805,1
490,0,0,0.9788732394366196,0.7545454545454546,0.7807506503158678,0.943820224719101,0.931106471816284,0.073170731707317,1
379,2,0,0.8714788732394366,0.890909090909091,0.7963582311408398,1.0,0.6350730688935282,0.951219512195122,1
289,1,0,0.1602112676056338,0.2454545454545454,0.1178000743218134,0.2921348314606741,0.1549060542797495,0.7073170731707319,1
419,3,0,0.3028169014084507,0.3545454545454546,0.4633965068747677,0.3707865168539325,0.3599164926931106,0.2195121951219512,0
392,1,0,0.5404929577464789,0.4636363636363636,0.5942028985507246,0.7415730337078652,0.5248434237995825,0.9756097560975612,1
593,2,0,0.6144366197183099,0.6090909090909091,0.5600148643626904,0.6067415730337078,0.3958246346555324,0.0975609756097561,0
499,0,0,0.4295774647887324,0.3181818181818182,0.3916759568933482,0.49438202247191,0.3202505219206681,0.853658536585366,1
139,2,0,0.8221830985915493,0.7909090909090908,0.9565217391304348,0.943820224719101,0.8242171189979124,0.0,1
63,3,0,0.0862676056338028,0.0818181818181818,0.070977331846897,0.0449438202247191,0.0108559498956158,0.902439024390244,1
472,3,0,0.8996478873239436,0.7636363636363637,0.7989594946116685,0.9325842696629212,0.7135699373695199,0.853658536585366,0
129,3,0,0.1672535211267605,0.1363636363636363,0.1397250092902267,0.2696629213483146,0.1515657620041753,0.3170731707317073,1
681,0,0,0.4876760563380282,0.4636363636363636,0.6700111482720178,0.7415730337078652,0.421294363256785,0.1707317073170731,0
521,1,0,0.5633802816901409,0.5,0.7662578966926793,0.7303370786516854,0.5774530271398748,0.048780487804878,1
65,2,0,0.755281690140845,0.5454545454545454,0.6243032329988852,0.6404494382022472,0.4129436325678497,0.6097560975609757,1
15,4,1,0.2799295774647887,0.4,0.5395763656633222,0.4831460674157303,0.2826722338204593,0.7560975609756098,0
157,3,0,0.0985915492957746,0.0636363636363636,0.05091044221479,0.1011235955056179,0.0141962421711899,0.878048780487805,1
41,3,0,0.3697183098591549,0.3363636363636364,0.4318097361575622,0.4719101123595505,0.253027139874739,0.9268292682926832,0
493,3,0,0.1003521126760563,0.0454545454545454,0.1085098476402824,0.1011235955056179,0.0400835073068893,0.4390243902439024,0
380,1,0,0.1338028169014084,0.1818181818181818,0.2303976217019695,0.1348314606741573,0.0881002087682672,0.8048780487804879,1
188,1,0,0.079225352112676,0.009090909090909,0.0286138981791155,0.0561797752808988,0.0346555323590814,0.4634146341463415,1
217,4,1,0.6549295774647887,0.5363636363636364,0.7357859531772576,0.7640449438202246,0.5407098121085595,0.5365853658536586,1
53,2,0,0.1672535211267605,0.1545454545454545,0.1441843180973616,0.2022471910112359,0.1215031315240083,0.2195121951219512,0
338,2,0,0.0,0.0272727272727272,0.0962467484206614,0.0561797752808988,0.0626304801670146,0.3902439024390244,1
296,1,0,0.0616197183098591,0.0727272727272727,0.0665180230397621,0.0898876404494382,0.0116910229645093,0.5609756097560976,1
252,1,0,0.7235915492957746,0.6272727272727273,0.7543664065403196,0.7640449438202246,0.5741127348643007,0.1219512195121951,0
462,2,0,0.1637323943661972,0.209090909090909,0.2363433667781493,0.2921348314606741,0.1402922755741127,0.902439024390244,1
456,4,1,0.0774647887323943,0.0545454545454545,0.0497956150130063,0.0337078651685393,0.0334029227557411,0.2195121951219512,0
698,0,0,0.1214788732394366,0.1909090909090909,0.2378298030471943,0.1348314606741573,0.1482254697286012,0.7804878048780488,0
270,2,0,0.6179577464788732,0.509090909090909,0.6904496469713861,0.6629213483146068,0.562839248434238,0.048780487804878,1
202,4,1,0.1707746478873239,0.2454545454545454,0.3162393162393162,0.2808988764044943,0.088517745302714,0.4634146341463415,0
162,3,0,0.0404929577464788,0.0818181818181818,0.083240431066518,0.0561797752808988,0.0041753653444676,0.5853658536585367,1
556,3,0,0.301056338028169,0.3545454545454546,0.494611668524712,0.348314606741573,0.3632567849686848,0.3414634146341463,0
402,0,0,0.1179577464788732,0.1545454545454545,0.1151988108509847,0.2921348314606741,0.1695198329853862,0.853658536585366,1
477,0,0,0.5070422535211268,0.509090909090909,0.664065403195838,0.752808988764045,0.4275574112734864,0.7560975609756098,0
106,3,0,0.0633802816901408,0.0181818181818181,0.1051653660349312,0.0224719101123595,0.0676409185803758,0.4390243902439024,1
566,2,0,0.0528169014084507,0.0272727272727272,0.0594574507617986,0.0561797752808988,0.0810020876826722,0.5365853658536586,1
390,3,0,0.1566901408450704,0.1636363636363636,0.1757710888145671,0.2359550561797752,0.0881002087682672,0.7804878048780488,0
2,1,0,0.4190140845070423,0.3363636363636364,0.3823857302118171,0.3595505617977528,0.3515657620041754,0.7073170731707319,0
654,2,0,0.0334507042253521,0.0181818181818181,0.0234113712374581,0.1011235955056179,0.017536534446764,0.2682926829268293,1
562,3,0,0.1602112676056338,0.1,0.3292456335934597,0.1235955056179775,0.1987473903966597,0.0,1
81,1,0,0.9419014084507042,0.8727272727272727,0.8075065031586771,1.0,0.626722338204593,0.8048780487804879,0
206,3,0,0.477112676056338,0.5,0.6622073578595318,0.6853932584269662,0.5507306889352819,0.2682926829268293,1
35,3,0,0.9911971830985916,0.8363636363636363,0.8164251207729468,0.797752808988764,0.6321503131524009,0.4878048780487805,0
509,0,0,0.4172535211267605,0.4454545454545454,0.5343738387216648,0.3932584269662921,0.2876826722338205,0.0975609756097561,1
428,1,0,0.1320422535211267,0.2545454545454545,0.2471200297287253,0.2022471910112359,0.1615866388308977,0.8048780487804879,1
455,4,1,0.198943661971831,0.2636363636363636,0.3188405797101449,0.1573033707865168,0.1235908141962421,0.6585365853658538,1
367,3,0,0.8556338028169014,0.9636363636363636,0.8034188034188035,0.8089887640449438,0.6951983298538622,0.2682926829268293,0
92,0,0,0.4595070422535212,0.2818181818181817,0.4355258268301747,0.4044943820224718,0.302713987473904,0.3414634146341463,0
340,4,1,0.0598591549295774,0.0181818181818181,0.1070234113712374,0.0337078651685393,0.0221294363256785,0.2926829268292683,1
565,3,0,0.4577464788732394,0.3090909090909091,0.3604607952434039,0.5056179775280898,0.3373695198329854,0.6341463414634148,1
346,4,1,0.4894366197183099,0.6090909090909091,0.6213303604607953,0.7078651685393258,0.5549060542797495,0.4634146341463415,0
242,3,0,0.9401408450704224,0.9727272727272726,0.9149015235971756,0.797752808988764,0.848016701461378,0.4634146341463415,0
14,3,0,0.3257042253521127,0.3545454545454546,0.505388331475288,0.3707865168539325,0.3152400835073069,0.6097560975609757,1
316,1,0,0.0774647887323943,0.0909090909090909,0.0066889632107023,0.0112359550561797,0.0004175365344467,0.902439024390244,0
601,4,1,0.5193661971830985,0.4545454545454545,0.7216648086213304,0.6741573033707864,0.4985386221294363,0.2926829268292683,0
388,2,0,0.0739436619718309,0.0272727272727272,0.0590858416945373,0.0337078651685393,0.0405010438413361,0.3414634146341463,1
274,0,0,0.2623239436619718,0.1181818181818181,0.2645856558900037,0.247191011235955,0.2029227557411273,0.4878048780487805,1
167,0,0,0.994718309859155,0.9363636363636364,0.990709773318469,0.8764044943820224,0.945302713987474,0.2926829268292683,1
695,2,0,0.9401408450704224,0.7909090909090908,0.7878112225938313,0.8202247191011236,0.7862212943632568,0.3902439024390244,0
647,2,0,0.1038732394366197,0.0272727272727272,0.0044593088071348,0.0674157303370786,0.0413361169102296,0.9756097560975612,0
485,4,1,0.7288732394366197,0.4545454545454545,0.5837978446674099,0.5730337078651686,0.4137787056367432,0.5121951219512195,0
684,2,0,0.079225352112676,0.0545454545454545,0.0085470085470085,0.0224719101123595,0.0513569937369519,0.6585365853658538,1
505,0,0,0.8151408450704225,0.6818181818181818,0.9502043849869938,1.0,0.980375782881002,0.7073170731707319,1
244,2,0,0.7411971830985915,0.5,0.7714604236343366,0.6629213483146068,0.5173277661795408,0.6341463414634148,1
567,0,0,0.1514084507042253,0.2636363636363636,0.3084355258268302,0.1797752808988764,0.1653444676409186,0.4146341463414634,0
563,0,0,0.0721830985915493,0.0363636363636363,0.0765514678558157,0.0561797752808988,0.0680584551148225,0.3658536585365854,0
190,2,0,0.0211267605633802,0.009090909090909,0.0371609067261241,0.0112359550561797,0.0680584551148225,0.3414634146341463,0
476,2,0,0.6725352112676056,0.4727272727272728,0.705685618729097,0.651685393258427,0.4104384133611691,0.878048780487805,0
511,0,0,0.3714788732394366,0.3909090909090909,0.5444072835377183,0.5393258426966292,0.3649269311064718,0.4878048780487805,0
59,3,0,0.7007042253521126,0.5454545454545454,0.7447045707915273,0.7303370786516854,0.4350730688935282,0.0975609756097561,1
475,3,0,0.3169014084507042,0.3545454545454546,0.5035302861389818,0.5056179775280898,0.2768267223382046,0.7560975609756098,0
561,2,0,0.6654929577464789,0.4727272727272728,0.7220364176885916,0.6629213483146068,0.4179540709812109,0.4878048780487805,0
253,0,0,0.8679577464788732,0.8636363636363636,0.8019323671497585,1.0,0.7035490605427975,0.0975609756097561,1
22,1,0,0.9612676056338028,0.9636363636363636,0.9293942772203642,0.8089887640449438,0.6058455114822547,0.6097560975609757,0
314,3,0,0.176056338028169,0.1818181818181818,0.1924934968413229,0.1235955056179775,0.0860125260960334,0.7560975609756098,0
460,1,0,0.2535211267605634,0.1272727272727272,0.1252322556670382,0.3033707865168539,0.1849686847599165,0.7804878048780488,1
161,2,0,0.0598591549295774,0.0545454545454545,0.0884429580081754,0.1011235955056179,0.0668058455114822,0.4146341463414634,0
277,3,0,0.420774647887324,0.4454545454545454,0.5068747677443329,0.3595505617977528,0.2200417536534447,0.3414634146341463,0
192,0,0,0.0862676056338028,0.0818181818181818,0.0650315867707172,0.0337078651685393,0.024634655532359,0.1463414634146342,1
386,4,1,0.5616197183098591,0.509090909090909,0.6462281679672984,0.7640449438202246,0.4150313152400835,0.5365853658536586,0
414,4,1,0.4225352112676057,0.3636363636363636,0.4570791527313266,0.4606741573033707,0.3569937369519833,0.4146341463414634,1
492,4,1,0.2147887323943662,0.2454545454545454,0.2400594574507618,0.1348314606741573,0.1691022964509394,0.853658536585366,0
344,4,1,0.4577464788732394,0.4545454545454545,0.4574507617985879,0.49438202247191,0.2267223382045929,0.951219512195122,0
309,4,1,0.448943661971831,0.3727272727272727,0.3433667781493868,0.5280898876404494,0.2354906054279749,0.048780487804878,0
662,3,0,0.1901408450704225,0.1909090909090909,0.2396878483835005,0.2134831460674157,0.1849686847599165,0.7317073170731709,1
131,0,0,0.897887323943662,0.890909090909091,0.9739873652917131,0.898876404494382,0.7448851774530272,0.5365853658536586,1
664,0,0,0.772887323943662,0.4909090909090909,0.5782237086584913,0.7640449438202246,0.4989561586638831,0.902439024390244,0
100,1,0,0.3433098591549296,0.409090909090909,0.4548494983277592,0.3820224719101123,0.3227557411273486,0.7804878048780488,0
373,2,0,0.8468309859154929,0.9,0.8219992567818655,0.9101123595505618,0.9323590814196244,1.0,0
88,2,0,0.0070422535211267,0.0454545454545454,0.0159791898922333,0.0112359550561797,0.0726513569937369,0.6341463414634148,1
459,4,1,0.0457746478873239,0.0,0.0910442214790041,0.0,0.0167014613778705,0.9756097560975612,0
331,0,0,0.3573943661971831,0.3272727272727272,0.4578223708658491,0.4382022471910112,0.2897703549060543,0.073170731707317,0
215,4,1,0.2147887323943662,0.209090909090909,0.3244147157190635,0.2134831460674157,0.1498956158663883,0.5853658536585367,0
467,2,0,0.676056338028169,0.5727272727272728,0.7606837606837606,0.7303370786516854,0.4133611691022965,0.8048780487804879,1
122,1,0,0.8785211267605634,0.7,0.8108509847640283,0.8876404494382022,0.8713987473903967,0.5121951219512195,0
615,2,0,0.1338028169014084,0.2727272727272727,0.3180973615756224,0.146067415730337,0.1632567849686848,0.0,1
21,2,0,0.1109154929577464,0.1454545454545454,0.1408398364920104,0.3033707865168539,0.0835073068893528,0.6585365853658538,0
72,4,1,0.8644366197183099,0.7272727272727273,0.966183574879227,0.9775280898876404,0.6676409185803758,0.4634146341463415,1
107,0,0,0.2147887323943662,0.1545454545454545,0.126347082868822,0.3146067415730337,0.2062630480167014,0.902439024390244,1
271,3,0,0.6971830985915493,0.5,0.6194723151244891,0.7640449438202246,0.4860125260960334,0.853658536585366,0
436,3,0,0.1320422535211267,0.2181818181818181,0.1843180973615756,0.1235955056179775,0.1524008350730689,0.3902439024390244,0
103,0,0,0.2535211267605634,0.1363636363636363,0.2329988851727982,0.3033707865168539,0.1933194154488517,0.3414634146341463,0
